image_name,label
3.jpg,0
5.jpg,0
6.jpg,0
11.jpg,0
14.jpg,0
22.jpg,0
25.jpg,0
28.jpg,0
30.jpg,0
38.jpg,0
51.jpg,0
52.jpg,0
61.jpg,0
63.jpg,0
64.jpg,0
69.jpg,0
70.jpg,0
72.jpg,0
73.jpg,0
76.jpg,0
77.jpg,0
79.jpg,0
81.jpg,0
84.jpg,0
88.jpg,0
93.jpg,0
99.jpg,0
101.jpg,0
103.jpg,0
110.jpg,0
117.jpg,0
119.jpg,0
121.jpg,0
126.jpg,0
127.jpg,0
129.jpg,0
130.jpg,0
132.jpg,0
133.jpg,0
135.jpg,0
140.jpg,0
141.jpg,0
143.jpg,0
144.jpg,0
145.jpg,0
149.jpg,0
152.jpg,0
156.jpg,0
161.jpg,0
169.jpg,0
171.jpg,0
172.jpg,0
173.jpg,0
176.jpg,0
179.jpg,0
182.jpg,0
183.jpg,0
185.jpg,0
198.jpg,0
199.jpg,0
203.jpg,0
211.jpg,0
212.jpg,0
215.jpg,0
221.jpg,0
222.jpg,0
225.jpg,0
227.jpg,0
233.jpg,0
237.jpg,0
238.jpg,0
242.jpg,0
244.jpg,0
251.jpg,0
252.jpg,0
255.jpg,0
268.jpg,0
271.jpg,0
273.jpg,0
274.jpg,0
278.jpg,0
284.jpg,0
287.jpg,0
291.jpg,0
302.jpg,0
303.jpg,0
308.jpg,0
310.jpg,0
319.jpg,0
320.jpg,0
324.jpg,0
327.jpg,0
328.jpg,0
334.jpg,0
337.jpg,0
344.jpg,0
346.jpg,0
347.jpg,0
350.jpg,0
351.jpg,0
354.jpg,0
360.jpg,0
362.jpg,0
365.jpg,0
368.jpg,0
374.jpg,0
375.jpg,0
379.jpg,0
382.jpg,0
385.jpg,0
387.jpg,0
388.jpg,0
389.jpg,0
393.jpg,0
398.jpg,0
399.jpg,0
400.jpg,0
403.jpg,0
408.jpg,0
410.jpg,0
413.jpg,0
420.jpg,0
423.jpg,0
424.jpg,0
425.jpg,0
428.jpg,0
429.jpg,0
434.jpg,0
435.jpg,0
436.jpg,0
442.jpg,0
452.jpg,0
453.jpg,0
458.jpg,0
462.jpg,0
465.jpg,0
467.jpg,0
471.jpg,0
475.jpg,0
482.jpg,0
485.jpg,0
487.jpg,0
490.jpg,0
492.jpg,0
493.jpg,0
494.jpg,0
497.jpg,0
498.jpg,0
499.jpg,0
507.jpg,0
513.jpg,0
515.jpg,0
516.jpg,0
520.jpg,0
522.jpg,0
527.jpg,0
528.jpg,0
529.jpg,0
531.jpg,0
536.jpg,0
544.jpg,0
546.jpg,0
548.jpg,0
549.jpg,0
553.jpg,0
555.jpg,0
557.jpg,0
560.jpg,0
561.jpg,0
563.jpg,0
565.jpg,0
568.jpg,0
570.jpg,0
572.jpg,0
575.jpg,0
577.jpg,0
579.jpg,0
584.jpg,0
588.jpg,0
590.jpg,0
591.jpg,0
592.jpg,0
593.jpg,0
598.jpg,0
600.jpg,0
601.jpg,0
605.jpg,0
607.jpg,0
608.jpg,0
609.jpg,0
614.jpg,0
615.jpg,0
616.jpg,0
619.jpg,0
622.jpg,0
626.jpg,0
629.jpg,0
630.jpg,0
632.jpg,0
633.jpg,0
638.jpg,0
645.jpg,0
646.jpg,0
653.jpg,0
655.jpg,0
656.jpg,0
660.jpg,0
661.jpg,0
667.jpg,0
668.jpg,0
671.jpg,0
672.jpg,0
676.jpg,0
677.jpg,0
682.jpg,0
689.jpg,0
691.jpg,0
692.jpg,0
695.jpg,0
700.jpg,0
705.jpg,0
709.jpg,0
718.jpg,0
720.jpg,0
732.jpg,0
734.jpg,0
736.jpg,0
738.jpg,0
740.jpg,0
745.jpg,0
754.jpg,0
760.jpg,0
761.jpg,0
766.jpg,0
774.jpg,0
777.jpg,0
779.jpg,0
785.jpg,0
787.jpg,0
788.jpg,0
792.jpg,0
794.jpg,0
797.jpg,0
798.jpg,0
799.jpg,0
802.jpg,0
803.jpg,0
806.jpg,0
811.jpg,0
812.jpg,0
817.jpg,0
818.jpg,0
819.jpg,0
825.jpg,0
826.jpg,0
828.jpg,0
830.jpg,0
831.jpg,0
832.jpg,0
833.jpg,0
836.jpg,0
837.jpg,0
839.jpg,0
841.jpg,0
849.jpg,0
854.jpg,0
858.jpg,0
862.jpg,0
863.jpg,0
870.jpg,0
873.jpg,0
875.jpg,0
881.jpg,0
885.jpg,0
888.jpg,0
890.jpg,0
895.jpg,0
896.jpg,0
900.jpg,0
902.jpg,0
905.jpg,0
911.jpg,0
913.jpg,0
917.jpg,0
918.jpg,0
919.jpg,0
920.jpg,0
921.jpg,0
924.jpg,0
926.jpg,0
927.jpg,0
930.jpg,0
935.jpg,0
936.jpg,0
939.jpg,0
940.jpg,0
944.jpg,0
948.jpg,0
949.jpg,0
950.jpg,0
951.jpg,0
952.jpg,0
957.jpg,0
961.jpg,0
973.jpg,0
975.jpg,0
983.jpg,0
985.jpg,0
987.jpg,0
989.jpg,0
995.jpg,0
996.jpg,0
1003.jpg,0
1008.jpg,0
1016.jpg,0
1018.jpg,0
1020.jpg,0
1026.jpg,0
1036.jpg,0
1037.jpg,0
1039.jpg,0
1046.jpg,0
1048.jpg,0
1049.jpg,0
1051.jpg,0
1052.jpg,0
1053.jpg,0
1060.jpg,0
1061.jpg,0
1066.jpg,0
1070.jpg,0
1071.jpg,0
1072.jpg,0
1076.jpg,0
1081.jpg,0
1082.jpg,0
1083.jpg,0
1084.jpg,0
1086.jpg,0
1092.jpg,0
1095.jpg,0
1101.jpg,0
1102.jpg,0
1109.jpg,0
1113.jpg,0
1114.jpg,0
1119.jpg,0
1123.jpg,0
1125.jpg,0
1130.jpg,0
1136.jpg,0
1141.jpg,0
1143.jpg,0
1150.jpg,0
1158.jpg,0
1162.jpg,0
1164.jpg,0
1166.jpg,0
1168.jpg,0
1169.jpg,0
1170.jpg,0
1173.jpg,0
1174.jpg,0
1176.jpg,0
1180.jpg,0
1187.jpg,0
1190.jpg,0
1197.jpg,0
1200.jpg,0
1202.jpg,0
1206.jpg,0
1207.jpg,0
1211.jpg,0
1214.jpg,0
1222.jpg,0
1223.jpg,0
1226.jpg,0
1227.jpg,0
1234.jpg,0
1239.jpg,0
1241.jpg,0
1245.jpg,0
1247.jpg,0
1253.jpg,0
1255.jpg,0
1258.jpg,0
1264.jpg,0
1268.jpg,0
1271.jpg,0
1274.jpg,0
1276.jpg,0
1277.jpg,0
1279.jpg,0
1283.jpg,0
1288.jpg,0
1289.jpg,0
1290.jpg,0
1294.jpg,0
1300.jpg,0
1302.jpg,0
1307.jpg,0
1313.jpg,0
1319.jpg,0
1322.jpg,0
1324.jpg,0
1328.jpg,0
1330.jpg,0
1334.jpg,0
1337.jpg,0
1338.jpg,0
1347.jpg,0
1348.jpg,0
1349.jpg,0
1351.jpg,0
1352.jpg,0
1355.jpg,0
1356.jpg,0
1359.jpg,0
1360.jpg,0
1364.jpg,0
1370.jpg,0
1371.jpg,0
1374.jpg,0
1376.jpg,0
1382.jpg,0
1383.jpg,0
1386.jpg,0
1387.jpg,0
1388.jpg,0
1390.jpg,0
1393.jpg,0
1404.jpg,0
1405.jpg,0
1409.jpg,0
1414.jpg,0
1418.jpg,0
1419.jpg,0
1427.jpg,0
1428.jpg,0
1431.jpg,0
1433.jpg,0
1436.jpg,0
1438.jpg,0
1440.jpg,0
1444.jpg,0
1448.jpg,0
1449.jpg,0
1451.jpg,0
1452.jpg,0
1456.jpg,0
1459.jpg,0
1463.jpg,0
1467.jpg,0
1468.jpg,0
1470.jpg,0
1474.jpg,0
1478.jpg,0
1479.jpg,0
1483.jpg,0
1492.jpg,0
1494.jpg,0
1504.jpg,0
1509.jpg,0
1511.jpg,0
1515.jpg,0
1521.jpg,0
1522.jpg,0
1524.jpg,0
1525.jpg,0
1534.jpg,0
1535.jpg,0
1536.jpg,0
1544.jpg,0
1545.jpg,0
1547.jpg,0
1551.jpg,0
1557.jpg,0
1561.jpg,0
1568.jpg,0
1577.jpg,0
1578.jpg,0
1579.jpg,0
1581.jpg,0
1583.jpg,0
1585.jpg,0
1596.jpg,0
1598.jpg,0
1614.jpg,0
1617.jpg,0
1620.jpg,0
1624.jpg,0
1627.jpg,0
1631.jpg,0
1634.jpg,0
1638.jpg,0
1644.jpg,0
1649.jpg,0
1652.jpg,0
1653.jpg,0
1655.jpg,0
1664.jpg,0
1671.jpg,0
1678.jpg,0
1680.jpg,0
1681.jpg,0
1688.jpg,0
1694.jpg,0
1704.jpg,0
1708.jpg,0
1712.jpg,0
1713.jpg,0
1717.jpg,0
1722.jpg,0
1724.jpg,0
1726.jpg,0
1727.jpg,0
1737.jpg,0
1745.jpg,0
1746.jpg,0
1749.jpg,0
1752.jpg,0
1756.jpg,0
1764.jpg,0
1769.jpg,0
1771.jpg,0
1776.jpg,0
1777.jpg,0
1779.jpg,0
1780.jpg,0
1783.jpg,0
1785.jpg,0
1793.jpg,0
1795.jpg,0
1797.jpg,0
1800.jpg,0
1801.jpg,0
1802.jpg,0
1808.jpg,0
1812.jpg,0
1814.jpg,0
1815.jpg,0
1816.jpg,0
1821.jpg,0
1822.jpg,0
1830.jpg,0
1831.jpg,0
1834.jpg,0
1835.jpg,0
1837.jpg,0
1839.jpg,0
1842.jpg,0
1847.jpg,0
1876.jpg,0
1882.jpg,0
1884.jpg,0
1885.jpg,0
1889.jpg,0
1893.jpg,0
1897.jpg,0
1906.jpg,0
1914.jpg,0
1918.jpg,0
1920.jpg,0
1922.jpg,0
1923.jpg,0
1924.jpg,0
1929.jpg,0
1931.jpg,0
1934.jpg,0
1935.jpg,0
1945.jpg,0
1948.jpg,0
1949.jpg,0
1951.jpg,0
1965.jpg,0
1969.jpg,0
1971.jpg,0
1972.jpg,0
1973.jpg,0
1975.jpg,0
1983.jpg,0
1985.jpg,0
1986.jpg,0
1987.jpg,0
1990.jpg,0
1992.jpg,0
1994.jpg,0
1995.jpg,0
1997.jpg,0
2001.jpg,0
2007.jpg,0
2009.jpg,0
2011.jpg,0
2016.jpg,0
2017.jpg,0
2020.jpg,0
2022.jpg,0
2023.jpg,0
2024.jpg,0
2025.jpg,0
2026.jpg,0
2028.jpg,0
2030.jpg,0
2031.jpg,0
2033.jpg,0
2034.jpg,0
2035.jpg,0
2039.jpg,0
2046.jpg,0
2047.jpg,0
2050.jpg,0
2051.jpg,0
2055.jpg,0
2057.jpg,0
2060.jpg,0
2064.jpg,0
2065.jpg,0
2067.jpg,0
2074.jpg,0
2081.jpg,0
2084.jpg,0
2090.jpg,0
2094.jpg,0
2096.jpg,0
2102.jpg,0
2106.jpg,0
2112.jpg,0
2117.jpg,0
2118.jpg,0
2119.jpg,0
2124.jpg,0
2128.jpg,0
2129.jpg,0
2130.jpg,0
2133.jpg,0
2135.jpg,0
2138.jpg,0
2139.jpg,0
2141.jpg,0
2146.jpg,0
2151.jpg,0
2153.jpg,0
2163.jpg,0
2165.jpg,0
2167.jpg,0
2180.jpg,0
2187.jpg,0
2190.jpg,0
2191.jpg,0
2198.jpg,0
2200.jpg,0
2206.jpg,0
2207.jpg,0
2208.jpg,0
2213.jpg,0
2216.jpg,0
2217.jpg,0
2221.jpg,0
2224.jpg,0
2227.jpg,0
2228.jpg,0
2231.jpg,0
2235.jpg,0
2237.jpg,0
2240.jpg,0
2244.jpg,0
2245.jpg,0
2246.jpg,0
2247.jpg,0
2248.jpg,0
2251.jpg,0
2253.jpg,0
2258.jpg,0
2260.jpg,0
2268.jpg,0
2270.jpg,0
2271.jpg,0
2275.jpg,0
2276.jpg,0
2278.jpg,0
2283.jpg,0
2286.jpg,0
2296.jpg,0
2299.jpg,0
2302.jpg,0
2305.jpg,0
2309.jpg,0
2313.jpg,0
2315.jpg,0
2316.jpg,0
2317.jpg,0
2326.jpg,0
2328.jpg,0
2329.jpg,0
2330.jpg,0
2340.jpg,0
2351.jpg,0
2352.jpg,0
2354.jpg,0
2355.jpg,0
2359.jpg,0
2363.jpg,0
2364.jpg,0
2367.jpg,0
2368.jpg,0
2370.jpg,0
2373.jpg,0
2376.jpg,0
2378.jpg,0
2379.jpg,0
2383.jpg,0
2395.jpg,0
2396.jpg,0
2398.jpg,0
2401.jpg,0
2402.jpg,0
2403.jpg,0
2404.jpg,0
2408.jpg,0
2412.jpg,0
2424.jpg,0
2425.jpg,0
2427.jpg,0
2432.jpg,0
2438.jpg,0
2441.jpg,0
2442.jpg,0
2444.jpg,0
2447.jpg,0
2449.jpg,0
2452.jpg,0
2459.jpg,0
2466.jpg,0
2467.jpg,0
2473.jpg,0
2474.jpg,0
2476.jpg,0
2482.jpg,0
2483.jpg,0
2485.jpg,0
2488.jpg,0
2490.jpg,0
2491.jpg,0
2493.jpg,0
2498.jpg,0
2499.jpg,0
2500.jpg,0
2501.jpg,0
2507.jpg,0
2514.jpg,0
2521.jpg,0
2522.jpg,0
2525.jpg,0
2530.jpg,0
2532.jpg,0
2533.jpg,0
2534.jpg,0
2538.jpg,0
2542.jpg,0
2545.jpg,0
2551.jpg,0
2552.jpg,0
2553.jpg,0
2554.jpg,0
2556.jpg,0
2557.jpg,0
2561.jpg,0
2563.jpg,0
2572.jpg,0
2574.jpg,0
2576.jpg,0
2577.jpg,0
2580.jpg,0
2583.jpg,0
2585.jpg,0
2588.jpg,0
2593.jpg,0
2595.jpg,0
2606.jpg,0
2610.jpg,0
2611.jpg,0
2620.jpg,0
2622.jpg,0
2624.jpg,0
2628.jpg,0
2631.jpg,0
2632.jpg,0
2634.jpg,0
2637.jpg,0
2640.jpg,0
2642.jpg,0
2645.jpg,0
2646.jpg,0
2650.jpg,0
2651.jpg,0
2664.jpg,0
2682.jpg,0
2684.jpg,0
2685.jpg,0
2686.jpg,0
2689.jpg,0
2690.jpg,0
2694.jpg,0
2696.jpg,0
2700.jpg,0
2701.jpg,0
2708.jpg,0
2711.jpg,0
2718.jpg,0
2719.jpg,0
2722.jpg,0
2728.jpg,0
2731.jpg,0
2734.jpg,0
2737.jpg,0
2739.jpg,0
2745.jpg,0
2750.jpg,0
2756.jpg,0
2760.jpg,0
2761.jpg,0
2766.jpg,0
2767.jpg,0
2771.jpg,0
2778.jpg,0
2779.jpg,0
2780.jpg,0
2781.jpg,0
2783.jpg,0
2784.jpg,0
2789.jpg,0
2791.jpg,0
2794.jpg,0
2795.jpg,0
2798.jpg,0
2801.jpg,0
2812.jpg,0
2813.jpg,0
2814.jpg,0
2816.jpg,0
2819.jpg,0
2820.jpg,0
2824.jpg,0
2825.jpg,0
2828.jpg,0
2829.jpg,0
2832.jpg,0
2833.jpg,0
2834.jpg,0
2841.jpg,0
2843.jpg,0
2844.jpg,0
2845.jpg,0
2846.jpg,0
2851.jpg,0
2852.jpg,0
2854.jpg,0
2860.jpg,0
2861.jpg,0
2865.jpg,0
2866.jpg,0
2867.jpg,0
2872.jpg,0
2883.jpg,0
2895.jpg,0
2898.jpg,0
2899.jpg,0
2901.jpg,0
2904.jpg,0
2906.jpg,0
2910.jpg,0
2911.jpg,0
2918.jpg,0
2920.jpg,0
2931.jpg,0
2933.jpg,0
2938.jpg,0
2941.jpg,0
2945.jpg,0
2952.jpg,0
2955.jpg,0
2956.jpg,0
2966.jpg,0
2969.jpg,0
2970.jpg,0
2972.jpg,0
2974.jpg,0
2977.jpg,0
2980.jpg,0
2982.jpg,0
2986.jpg,0
2992.jpg,0
3002.jpg,0
3006.jpg,0
3011.jpg,0
3012.jpg,0
3013.jpg,0
3022.jpg,0
3026.jpg,0
3027.jpg,0
3034.jpg,0
3037.jpg,0
3042.jpg,0
3043.jpg,0
3048.jpg,0
3049.jpg,0
3052.jpg,0
3059.jpg,0
3062.jpg,0
3065.jpg,0
3068.jpg,0
3080.jpg,0
3084.jpg,0
3085.jpg,0
3093.jpg,0
3096.jpg,0
3097.jpg,0
3101.jpg,0
3112.jpg,0
3120.jpg,0
3127.jpg,0
3128.jpg,0
3129.jpg,0
3133.jpg,0
3135.jpg,0
3140.jpg,0
3144.jpg,0
3146.jpg,0
3156.jpg,0
3159.jpg,0
3160.jpg,0
3161.jpg,0
3164.jpg,0
3166.jpg,0
3167.jpg,0
3168.jpg,0
3169.jpg,0
3171.jpg,0
3174.jpg,0
3176.jpg,0
3177.jpg,0
3179.jpg,0
3186.jpg,0
3187.jpg,0
3189.jpg,0
3198.jpg,0
3201.jpg,0
3206.jpg,0
3208.jpg,0
3212.jpg,0
3214.jpg,0
3223.jpg,0
3228.jpg,0
3231.jpg,0
3233.jpg,0
3240.jpg,0
3242.jpg,0
3246.jpg,0
3248.jpg,0
3250.jpg,0
3252.jpg,0
3254.jpg,0
3258.jpg,0
3271.jpg,0
3276.jpg,0
3277.jpg,0
3283.jpg,0
3285.jpg,0
3286.jpg,0
3289.jpg,0
3292.jpg,0
3294.jpg,0
3301.jpg,0
3312.jpg,0
3317.jpg,0
3321.jpg,0
3322.jpg,0
3324.jpg,0
3326.jpg,0
3335.jpg,0
3338.jpg,0
3345.jpg,0
3349.jpg,0
3350.jpg,0
3351.jpg,0
3362.jpg,0
3363.jpg,0
3371.jpg,0
3372.jpg,0
3374.jpg,0
3379.jpg,0
3380.jpg,0
3390.jpg,0
3393.jpg,0
3398.jpg,0
3402.jpg,0
3404.jpg,0
3407.jpg,0
3408.jpg,0
3409.jpg,0
3413.jpg,0
3414.jpg,0
3415.jpg,0
3417.jpg,0
3418.jpg,0
3419.jpg,0
3421.jpg,0
3431.jpg,0
3432.jpg,0
3433.jpg,0
3436.jpg,0
3441.jpg,0
3445.jpg,0
3451.jpg,0
3452.jpg,0
3455.jpg,0
3459.jpg,0
3463.jpg,0
3464.jpg,0
3466.jpg,0
3471.jpg,0
3472.jpg,0
3474.jpg,0
3478.jpg,0
3483.jpg,0
3486.jpg,0
3495.jpg,0
3502.jpg,0
3508.jpg,0
3515.jpg,0
3517.jpg,0
3520.jpg,0
3522.jpg,0
3525.jpg,0
3531.jpg,0
3536.jpg,0
3537.jpg,0
3541.jpg,0
3544.jpg,0
3550.jpg,0
3552.jpg,0
3555.jpg,0
3564.jpg,0
3565.jpg,0
3570.jpg,0
3576.jpg,0
3577.jpg,0
3578.jpg,0
3580.jpg,0
3581.jpg,0
3584.jpg,0
3589.jpg,0
3590.jpg,0
3594.jpg,0
3595.jpg,0
3597.jpg,0
3600.jpg,0
3605.jpg,0
3609.jpg,0
3612.jpg,0
3622.jpg,0
3625.jpg,0
3627.jpg,0
3632.jpg,0
3633.jpg,0
3639.jpg,0
3640.jpg,0
3642.jpg,0
3644.jpg,0
3646.jpg,0
3648.jpg,0
3652.jpg,0
3655.jpg,0
3656.jpg,0
3668.jpg,0
3672.jpg,0
3673.jpg,0
3677.jpg,0
3681.jpg,0
3688.jpg,0
3690.jpg,0
3696.jpg,0
3698.jpg,0
3700.jpg,0
3703.jpg,0
3705.jpg,0
3707.jpg,0
3709.jpg,0
3710.jpg,0
3714.jpg,0
3715.jpg,0
3716.jpg,0
3720.jpg,0
3721.jpg,0
3725.jpg,0
3728.jpg,0
3729.jpg,0
3730.jpg,0
3735.jpg,0
3738.jpg,0
3739.jpg,0
3753.jpg,0
3754.jpg,0
3755.jpg,0
3757.jpg,0
3770.jpg,0
3772.jpg,0
3776.jpg,0
3778.jpg,0
3782.jpg,0
3789.jpg,0
3790.jpg,0
3799.jpg,0
3805.jpg,0
3814.jpg,0
3817.jpg,0
3819.jpg,0
3821.jpg,0
3823.jpg,0
3830.jpg,0
3832.jpg,0
3833.jpg,0
3835.jpg,0
3838.jpg,0
3846.jpg,0
3851.jpg,0
3853.jpg,0
3854.jpg,0
3855.jpg,0
3859.jpg,0
3865.jpg,0
3867.jpg,0
3883.jpg,0
3886.jpg,0
3887.jpg,0
3892.jpg,0
3897.jpg,0
3906.jpg,0
3907.jpg,0
3910.jpg,0
3916.jpg,0
3917.jpg,0
3918.jpg,0
3919.jpg,0
3923.jpg,0
3925.jpg,0
3926.jpg,0
3930.jpg,0
3932.jpg,0
3942.jpg,0
3946.jpg,0
3947.jpg,0
3953.jpg,0
3962.jpg,0
3966.jpg,0
3970.jpg,0
3975.jpg,0
3976.jpg,0
3979.jpg,0
3981.jpg,0
3982.jpg,0
3983.jpg,0
3986.jpg,0
3987.jpg,0
3995.jpg,0
3996.jpg,0
4011.jpg,0
4013.jpg,0
4014.jpg,0
4019.jpg,0
4021.jpg,0
4022.jpg,0
4023.jpg,0
4030.jpg,0
4032.jpg,0
4035.jpg,0
4036.jpg,0
4037.jpg,0
4040.jpg,0
4043.jpg,0
4045.jpg,0
4050.jpg,0
4058.jpg,0
4061.jpg,0
4063.jpg,0
4066.jpg,0
4069.jpg,0
4071.jpg,0
4072.jpg,0
4073.jpg,0
4074.jpg,0
4078.jpg,0
4080.jpg,0
4083.jpg,0
4085.jpg,0
4089.jpg,0
4091.jpg,0
4094.jpg,0
4101.jpg,0
4104.jpg,0
4105.jpg,0
4107.jpg,0
4108.jpg,0
4111.jpg,0
4113.jpg,0
4118.jpg,0
4121.jpg,0
4122.jpg,0
4123.jpg,0
4124.jpg,0
4126.jpg,0
4127.jpg,0
4133.jpg,0
4135.jpg,0
4136.jpg,0
4138.jpg,0
4140.jpg,0
4149.jpg,0
4150.jpg,0
4153.jpg,0
4157.jpg,0
4164.jpg,0
4166.jpg,0
4167.jpg,0
4168.jpg,0
4169.jpg,0
4170.jpg,0
4176.jpg,0
4179.jpg,0
4180.jpg,0
4183.jpg,0
4185.jpg,0
4188.jpg,0
4190.jpg,0
4195.jpg,0
4196.jpg,0
4198.jpg,0
4200.jpg,0
4201.jpg,0
4203.jpg,0
4204.jpg,0
4206.jpg,0
4207.jpg,0
4212.jpg,0
4213.jpg,0
4214.jpg,0
4216.jpg,0
4219.jpg,0
4220.jpg,0
4222.jpg,0
4223.jpg,0
4226.jpg,0
4229.jpg,0
4236.jpg,0
4237.jpg,0
4240.jpg,0
4241.jpg,0
4242.jpg,0
4243.jpg,0
4245.jpg,0
4246.jpg,0
4247.jpg,0
4248.jpg,0
4254.jpg,0
4262.jpg,0
4265.jpg,0
4268.jpg,0
4272.jpg,0
4274.jpg,0
4277.jpg,0
4278.jpg,0
4280.jpg,0
4282.jpg,0
4284.jpg,0
4285.jpg,0
4286.jpg,0
4288.jpg,0
4291.jpg,0
4296.jpg,0
4298.jpg,0
4300.jpg,0
4302.jpg,0
4305.jpg,0
4309.jpg,0
4315.jpg,0
4318.jpg,0
4319.jpg,0
4324.jpg,0
4325.jpg,0
4326.jpg,0
4328.jpg,0
4329.jpg,0
4331.jpg,0
4333.jpg,0
4336.jpg,0
4343.jpg,0
4345.jpg,0
4347.jpg,0
4349.jpg,0
4350.jpg,0
4353.jpg,0
4355.jpg,0
4357.jpg,0
4360.jpg,0
4361.jpg,0
4363.jpg,0
4364.jpg,0
4366.jpg,0
4367.jpg,0
4369.jpg,0
4374.jpg,0
4376.jpg,0
4379.jpg,0
4391.jpg,0
4394.jpg,0
4395.jpg,0
4396.jpg,0
4402.jpg,0
4405.jpg,0
4407.jpg,0
4409.jpg,0
4411.jpg,0
4415.jpg,0
4416.jpg,0
4418.jpg,0
4419.jpg,0
4420.jpg,0
4422.jpg,0
4424.jpg,0
4429.jpg,0
4430.jpg,0
4432.jpg,0
4434.jpg,0
4438.jpg,0
4439.jpg,0
4443.jpg,0
4445.jpg,0
4447.jpg,0
4448.jpg,0
4449.jpg,0
4453.jpg,0
4454.jpg,0
4462.jpg,0
4464.jpg,0
4468.jpg,0
4472.jpg,0
4473.jpg,0
4477.jpg,0
4480.jpg,0
4487.jpg,0
4489.jpg,0
4490.jpg,0
4494.jpg,0
4495.jpg,0
4496.jpg,0
4502.jpg,0
4503.jpg,0
4510.jpg,0
4518.jpg,0
4519.jpg,0
4521.jpg,0
4523.jpg,0
4524.jpg,0
4525.jpg,0
4526.jpg,0
4533.jpg,0
4535.jpg,0
4538.jpg,0
4542.jpg,0
4545.jpg,0
4546.jpg,0
4547.jpg,0
4549.jpg,0
4550.jpg,0
4559.jpg,0
4562.jpg,0
4563.jpg,0
4564.jpg,0
4570.jpg,0
4572.jpg,0
4574.jpg,0
4577.jpg,0
4580.jpg,0
4583.jpg,0
4584.jpg,0
4585.jpg,0
4586.jpg,0
4587.jpg,0
4588.jpg,0
4591.jpg,0
4592.jpg,0
4594.jpg,0
4596.jpg,0
4597.jpg,0
4603.jpg,0
4609.jpg,0
4610.jpg,0
4611.jpg,0
4613.jpg,0
4614.jpg,0
4615.jpg,0
4618.jpg,0
4619.jpg,0
4625.jpg,0
4632.jpg,0
4635.jpg,0
4636.jpg,0
4637.jpg,0
4641.jpg,0
4642.jpg,0
4643.jpg,0
4646.jpg,0
4649.jpg,0
4652.jpg,0
4653.jpg,0
4655.jpg,0
4656.jpg,0
4657.jpg,0
4660.jpg,0
4662.jpg,0
4664.jpg,0
4665.jpg,0
4668.jpg,0
4670.jpg,0
4674.jpg,0
4677.jpg,0
4680.jpg,0
4681.jpg,0
4683.jpg,0
4684.jpg,0
4685.jpg,0
4687.jpg,0
4688.jpg,0
4689.jpg,0
4692.jpg,0
4693.jpg,0
4696.jpg,0
4697.jpg,0
4698.jpg,0
4699.jpg,0
4701.jpg,0
4702.jpg,0
4703.jpg,0
4706.jpg,0
4710.jpg,0
4712.jpg,0
4713.jpg,0
4714.jpg,0
4718.jpg,0
4719.jpg,0
4720.jpg,0
4721.jpg,0
4722.jpg,0
4724.jpg,0
4726.jpg,0
4728.jpg,0
4730.jpg,0
4732.jpg,0
4733.jpg,0
4734.jpg,0
4735.jpg,0
4736.jpg,0
4740.jpg,0
4743.jpg,0
4746.jpg,0
4749.jpg,0
4751.jpg,0
4753.jpg,0
4754.jpg,0
4756.jpg,0
4757.jpg,0
4758.jpg,0
4760.jpg,0
4764.jpg,0
4765.jpg,0
4766.jpg,0
4769.jpg,0
4772.jpg,0
4773.jpg,0
4778.jpg,0
4780.jpg,0
4781.jpg,0
4782.jpg,0
4783.jpg,0
4784.jpg,0
4787.jpg,0
4792.jpg,0
4793.jpg,0
4799.jpg,0
4801.jpg,0
4802.jpg,0
4804.jpg,0
4807.jpg,0
4809.jpg,0
4811.jpg,0
4816.jpg,0
4817.jpg,0
4823.jpg,0
4825.jpg,0
4836.jpg,0
4837.jpg,0
4842.jpg,0
4843.jpg,0
4849.jpg,0
4853.jpg,0
4866.jpg,0
4867.jpg,0
4869.jpg,0
4876.jpg,0
4881.jpg,0
4882.jpg,0
4885.jpg,0
4888.jpg,0
4894.jpg,0
4896.jpg,0
4903.jpg,0
4910.jpg,0
4911.jpg,0
4915.jpg,0
4917.jpg,0
4919.jpg,0
4921.jpg,0
4925.jpg,0
4926.jpg,0
4929.jpg,0
4930.jpg,0
4931.jpg,0
4933.jpg,0
4944.jpg,0
4946.jpg,0
4947.jpg,0
4949.jpg,0
4955.jpg,0
4957.jpg,0
4960.jpg,0
4968.jpg,0
4976.jpg,0
4984.jpg,0
4986.jpg,0
4990.jpg,0
4991.jpg,0
4993.jpg,0
4995.jpg,0
5000.jpg,0
5004.jpg,0
5005.jpg,0
5010.jpg,0
5015.jpg,0
5016.jpg,0
5020.jpg,0
5022.jpg,0
5031.jpg,0
5036.jpg,0
5057.jpg,0
5061.jpg,0
5066.jpg,0
5067.jpg,0
5068.jpg,0
5070.jpg,0
5072.jpg,0
5077.jpg,0
5100.jpg,0
5103.jpg,0
5106.jpg,0
5107.jpg,0
5110.jpg,0
5112.jpg,0
5113.jpg,0
5115.jpg,0
5125.jpg,0
5126.jpg,0
5128.jpg,0
5130.jpg,0
5134.jpg,0
5137.jpg,0
5144.jpg,0
5146.jpg,0
5151.jpg,0
5157.jpg,0
5158.jpg,0
5162.jpg,0
5164.jpg,0
5174.jpg,0
5178.jpg,0
5179.jpg,0
5180.jpg,0
5181.jpg,0
5184.jpg,0
5187.jpg,0
5197.jpg,0
5200.jpg,0
5213.jpg,0
5218.jpg,0
5220.jpg,0
5227.jpg,0
5229.jpg,0
5230.jpg,0
5232.jpg,0
5236.jpg,0
5245.jpg,0
5249.jpg,0
5251.jpg,0
5254.jpg,0
5255.jpg,0
5259.jpg,0
5265.jpg,0
5274.jpg,0
5278.jpg,0
5282.jpg,0
5284.jpg,0
5288.jpg,0
5289.jpg,0
5293.jpg,0
5301.jpg,0
5303.jpg,0
5314.jpg,0
5315.jpg,0
5320.jpg,0
5322.jpg,0
5328.jpg,0
5336.jpg,0
5346.jpg,0
5355.jpg,0
5361.jpg,0
5364.jpg,0
5365.jpg,0
5366.jpg,0
5367.jpg,0
5370.jpg,0
5374.jpg,0
5375.jpg,0
5376.jpg,0
5379.jpg,0
5380.jpg,0
5383.jpg,0
5386.jpg,0
5389.jpg,0
5391.jpg,0
5394.jpg,0
5402.jpg,0
5403.jpg,0
5408.jpg,0
5409.jpg,0
5415.jpg,0
5420.jpg,0
5421.jpg,0
5427.jpg,0
5429.jpg,0
5430.jpg,0
5443.jpg,0
5445.jpg,0
5450.jpg,0
5455.jpg,0
5457.jpg,0
5458.jpg,0
5460.jpg,0
5466.jpg,0
5467.jpg,0
5469.jpg,0
5472.jpg,0
5473.jpg,0
5475.jpg,0
5476.jpg,0
5478.jpg,0
5480.jpg,0
5481.jpg,0
5486.jpg,0
5491.jpg,0
5493.jpg,0
5497.jpg,0
5499.jpg,0
5502.jpg,0
5503.jpg,0
5507.jpg,0
5509.jpg,0
5511.jpg,0
5520.jpg,0
5525.jpg,0
5527.jpg,0
5528.jpg,0
5537.jpg,0
5541.jpg,0
5545.jpg,0
5549.jpg,0
5550.jpg,0
5552.jpg,0
5553.jpg,0
5555.jpg,0
5558.jpg,0
5560.jpg,0
5562.jpg,0
5564.jpg,0
5567.jpg,0
5571.jpg,0
5580.jpg,0
5581.jpg,0
5585.jpg,0
5589.jpg,0
5595.jpg,0
5596.jpg,0
5598.jpg,0
5608.jpg,0
5609.jpg,0
5619.jpg,0
5620.jpg,0
5621.jpg,0
5623.jpg,0
5639.jpg,0
5640.jpg,0
5645.jpg,0
5646.jpg,0
5647.jpg,0
5651.jpg,0
5657.jpg,0
5659.jpg,0
5665.jpg,0
5667.jpg,0
5668.jpg,0
5671.jpg,0
5681.jpg,0
5685.jpg,0
5687.jpg,0
5689.jpg,0
5690.jpg,0
5693.jpg,0
5699.jpg,0
5702.jpg,0
5706.jpg,0
5718.jpg,0
5723.jpg,0
5725.jpg,0
5732.jpg,0
5733.jpg,0
5734.jpg,0
5736.jpg,0
5737.jpg,0
5739.jpg,0
5740.jpg,0
5745.jpg,0
5746.jpg,0
5749.jpg,0
5751.jpg,0
5756.jpg,0
5762.jpg,0
5765.jpg,0
5766.jpg,0
5773.jpg,0
5782.jpg,0
5787.jpg,0
5793.jpg,0
5796.jpg,0
5800.jpg,0
5802.jpg,0
5803.jpg,0
5806.jpg,0
5807.jpg,0
5813.jpg,0
5823.jpg,0
5826.jpg,0
5827.jpg,0
5830.jpg,0
5839.jpg,0
5841.jpg,0
5844.jpg,0
5847.jpg,0
5851.jpg,0
5854.jpg,0
5856.jpg,0
5857.jpg,0
5859.jpg,0
5862.jpg,0
5863.jpg,0
5864.jpg,0
5868.jpg,0
5871.jpg,0
5876.jpg,0
5881.jpg,0
5882.jpg,0
5887.jpg,0
5888.jpg,0
5889.jpg,0
5894.jpg,0
5896.jpg,0
5898.jpg,0
5901.jpg,0
5903.jpg,0
5909.jpg,0
5914.jpg,0
5929.jpg,0
5933.jpg,0
5934.jpg,0
5936.jpg,0
5942.jpg,0
5945.jpg,0
5951.jpg,0
5953.jpg,0
5954.jpg,0
5956.jpg,0
5957.jpg,0
5959.jpg,0
5961.jpg,0
5962.jpg,0
5966.jpg,0
5967.jpg,0
5969.jpg,0
5975.jpg,0
5979.jpg,0
5981.jpg,0
5982.jpg,0
5986.jpg,0
5987.jpg,0
5991.jpg,0
5993.jpg,0
5995.jpg,0
5996.jpg,0
5999.jpg,0
6001.jpg,0
6010.jpg,0
6013.jpg,0
6017.jpg,0
6025.jpg,0
6026.jpg,0
6027.jpg,0
6031.jpg,0
6039.jpg,0
6041.jpg,0
6047.jpg,0
6051.jpg,0
6058.jpg,0
6059.jpg,0
6062.jpg,0
6063.jpg,0
6066.jpg,0
6068.jpg,0
6069.jpg,0
6071.jpg,0
6074.jpg,0
6077.jpg,0
6082.jpg,0
6087.jpg,0
6089.jpg,0
6090.jpg,0
6093.jpg,0
6094.jpg,0
6108.jpg,0
6113.jpg,0
6116.jpg,0
6120.jpg,0
6121.jpg,0
6122.jpg,0
6133.jpg,0
6134.jpg,0
6140.jpg,0
6141.jpg,0
6145.jpg,0
6148.jpg,0
6162.jpg,0
6163.jpg,0
6164.jpg,0
6165.jpg,0
6168.jpg,0
6173.jpg,0
6176.jpg,0
6179.jpg,0
6181.jpg,0
6183.jpg,0
6185.jpg,0
6189.jpg,0
6191.jpg,0
6194.jpg,0
6198.jpg,0
6200.jpg,0
6202.jpg,0
6206.jpg,0
6207.jpg,0
6209.jpg,0
6211.jpg,0
6214.jpg,0
6217.jpg,0
6218.jpg,0
6228.jpg,0
6229.jpg,0
6234.jpg,0
6245.jpg,0
6246.jpg,0
6247.jpg,0
6248.jpg,0
6250.jpg,0
6251.jpg,0
6253.jpg,0
6255.jpg,0
6257.jpg,0
6288.jpg,0
6291.jpg,0
6292.jpg,0
6293.jpg,0
6296.jpg,0
6297.jpg,0
6300.jpg,0
6303.jpg,0
6304.jpg,0
6306.jpg,0
6308.jpg,0
6318.jpg,0
6320.jpg,0
6322.jpg,0
6329.jpg,0
6332.jpg,0
6333.jpg,0
6348.jpg,0
6349.jpg,0
6350.jpg,0
6351.jpg,0
6353.jpg,0
6357.jpg,0
6361.jpg,0
6362.jpg,0
6365.jpg,0
6371.jpg,0
6375.jpg,0
6376.jpg,0
6382.jpg,0
6390.jpg,0
6397.jpg,0
6399.jpg,0
6401.jpg,0
6403.jpg,0
6410.jpg,0
6415.jpg,0
6419.jpg,0
6423.jpg,0
6424.jpg,0
6427.jpg,0
6431.jpg,0
6435.jpg,0
6437.jpg,0
6438.jpg,0
6443.jpg,0
6444.jpg,0
6446.jpg,0
6448.jpg,0
6450.jpg,0
6451.jpg,0
6453.jpg,0
6459.jpg,0
6461.jpg,0
6462.jpg,0
6464.jpg,0
6475.jpg,0
6476.jpg,0
6478.jpg,0
6483.jpg,0
6484.jpg,0
6485.jpg,0
6488.jpg,0
6489.jpg,0
6491.jpg,0
6492.jpg,0
6493.jpg,0
6497.jpg,0
6500.jpg,0
6504.jpg,0
6513.jpg,0
6521.jpg,0
6529.jpg,0
6531.jpg,0
6534.jpg,0
6536.jpg,0
6539.jpg,0
6542.jpg,0
6546.jpg,0
6547.jpg,0
6554.jpg,0
6556.jpg,0
6557.jpg,0
6559.jpg,0
6571.jpg,0
6572.jpg,0
6574.jpg,0
6577.jpg,0
6579.jpg,0
6580.jpg,0
6581.jpg,0
6582.jpg,0
6593.jpg,0
6595.jpg,0
6596.jpg,0
6604.jpg,0
6611.jpg,0
6612.jpg,0
6614.jpg,0
6615.jpg,0
6617.jpg,0
6621.jpg,0
6622.jpg,0
6630.jpg,0
6639.jpg,0
6644.jpg,0
6647.jpg,0
6649.jpg,0
6650.jpg,0
6651.jpg,0
6658.jpg,0
6663.jpg,0
6665.jpg,0
6672.jpg,0
6674.jpg,0
6677.jpg,0
6681.jpg,0
6682.jpg,0
6688.jpg,0
6690.jpg,0
6692.jpg,0
6693.jpg,0
6696.jpg,0
6701.jpg,0
6707.jpg,0
6715.jpg,0
6717.jpg,0
6721.jpg,0
6724.jpg,0
6725.jpg,0
6727.jpg,0
6730.jpg,0
6732.jpg,0
6733.jpg,0
6738.jpg,0
6739.jpg,0
6749.jpg,0
6751.jpg,0
6764.jpg,0
6769.jpg,0
6772.jpg,0
6774.jpg,0
6777.jpg,0
6781.jpg,0
6783.jpg,0
6784.jpg,0
6785.jpg,0
6788.jpg,0
6794.jpg,0
6797.jpg,0
6800.jpg,0
6806.jpg,0
6807.jpg,0
6808.jpg,0
6811.jpg,0
6816.jpg,0
6819.jpg,0
6822.jpg,0
6832.jpg,0
6835.jpg,0
6840.jpg,0
6841.jpg,0
6846.jpg,0
6850.jpg,0
6855.jpg,0
6857.jpg,0
6860.jpg,0
6861.jpg,0
6862.jpg,0
6863.jpg,0
6872.jpg,0
6875.jpg,0
6879.jpg,0
6882.jpg,0
6885.jpg,0
6892.jpg,0
6900.jpg,0
6901.jpg,0
6904.jpg,0
6906.jpg,0
6916.jpg,0
6917.jpg,0
6920.jpg,0
6921.jpg,0
6922.jpg,0
6924.jpg,0
6925.jpg,0
6930.jpg,0
6931.jpg,0
6938.jpg,0
6941.jpg,0
6943.jpg,0
6948.jpg,0
6950.jpg,0
6951.jpg,0
6952.jpg,0
6957.jpg,0
6964.jpg,0
6965.jpg,0
6966.jpg,0
6974.jpg,0
6980.jpg,0
6988.jpg,0
6989.jpg,0
6992.jpg,0
6995.jpg,0
6999.jpg,0
7001.jpg,0
7005.jpg,0
7011.jpg,0
7013.jpg,0
7025.jpg,0
7028.jpg,0
7029.jpg,0
7034.jpg,0
7036.jpg,0
7043.jpg,0
7044.jpg,0
7050.jpg,0
7055.jpg,0
7066.jpg,0
7067.jpg,0
7068.jpg,0
7069.jpg,0
7070.jpg,0
7075.jpg,0
7077.jpg,0
7082.jpg,0
7088.jpg,0
7089.jpg,0
7092.jpg,0
7094.jpg,0
7099.jpg,0
7100.jpg,0
7104.jpg,0
7106.jpg,0
7107.jpg,0
7109.jpg,0
7110.jpg,0
7112.jpg,0
7115.jpg,0
7117.jpg,0
7119.jpg,0
7124.jpg,0
7130.jpg,0
7133.jpg,0
7137.jpg,0
7147.jpg,0
7148.jpg,0
7149.jpg,0
7153.jpg,0
7156.jpg,0
7158.jpg,0
7159.jpg,0
7160.jpg,0
7161.jpg,0
7162.jpg,0
7177.jpg,0
7182.jpg,0
7183.jpg,0
7186.jpg,0
7187.jpg,0
7190.jpg,0
7194.jpg,0
7208.jpg,0
7210.jpg,0
7211.jpg,0
7213.jpg,0
7217.jpg,0
7218.jpg,0
7219.jpg,0
7224.jpg,0
7230.jpg,0
7242.jpg,0
7243.jpg,0
7244.jpg,0
7249.jpg,0
7257.jpg,0
7260.jpg,0
7263.jpg,0
7266.jpg,0
7269.jpg,0
7270.jpg,0
7272.jpg,0
7273.jpg,0
7279.jpg,0
7280.jpg,0
7283.jpg,0
7295.jpg,0
7296.jpg,0
7299.jpg,0
7301.jpg,0
7304.jpg,0
7305.jpg,0
7310.jpg,0
7312.jpg,0
7315.jpg,0
7316.jpg,0
7317.jpg,0
7322.jpg,0
7329.jpg,0
7334.jpg,0
7335.jpg,0
7348.jpg,0
7349.jpg,0
7352.jpg,0
7353.jpg,0
7356.jpg,0
7362.jpg,0
7368.jpg,0
7371.jpg,0
7372.jpg,0
7376.jpg,0
7377.jpg,0
7381.jpg,0
7385.jpg,0
7389.jpg,0
7390.jpg,0
7391.jpg,0
7394.jpg,0
7395.jpg,0
7403.jpg,0
7405.jpg,0
7406.jpg,0
7407.jpg,0
7419.jpg,0
7422.jpg,0
7423.jpg,0
7426.jpg,0
7430.jpg,0
7432.jpg,0
7433.jpg,0
7434.jpg,0
7435.jpg,0
7438.jpg,0
7444.jpg,0
7446.jpg,0
7460.jpg,0
7465.jpg,0
7466.jpg,0
7467.jpg,0
7468.jpg,0
7472.jpg,0
7473.jpg,0
7476.jpg,0
7477.jpg,0
7480.jpg,0
7481.jpg,0
7483.jpg,0
7484.jpg,0
7486.jpg,0
7488.jpg,0
7489.jpg,0
7497.jpg,0
7504.jpg,0
7508.jpg,0
7510.jpg,0
7511.jpg,0
7513.jpg,0
7514.jpg,0
7515.jpg,0
7516.jpg,0
7517.jpg,0
7519.jpg,0
7521.jpg,0
7524.jpg,0
7526.jpg,0
7528.jpg,0
7534.jpg,0
7536.jpg,0
7540.jpg,0
7548.jpg,0
7554.jpg,0
7555.jpg,0
7557.jpg,0
7564.jpg,0
7566.jpg,0
7567.jpg,0
7568.jpg,0
7572.jpg,0
7575.jpg,0
7577.jpg,0
7579.jpg,0
7583.jpg,0
7589.jpg,0
7592.jpg,0
7597.jpg,0
7605.jpg,0
7606.jpg,0
7607.jpg,0
7608.jpg,0
7611.jpg,0
7613.jpg,0
7614.jpg,0
7619.jpg,0
7622.jpg,0
7623.jpg,0
7624.jpg,0
7631.jpg,0
7640.jpg,0
7643.jpg,0
7649.jpg,0
7650.jpg,0
7651.jpg,0
7657.jpg,0
7660.jpg,0
7661.jpg,0
7663.jpg,0
7670.jpg,0
7676.jpg,0
7680.jpg,0
7682.jpg,0
7684.jpg,0
7685.jpg,0
7688.jpg,0
7690.jpg,0
7691.jpg,0
7697.jpg,0
7705.jpg,0
7707.jpg,0
7714.jpg,0
7723.jpg,0
7729.jpg,0
7732.jpg,0
7733.jpg,0
7736.jpg,0
7737.jpg,0
7738.jpg,0
7739.jpg,0
7740.jpg,0
7743.jpg,0
7750.jpg,0
7752.jpg,0
7753.jpg,0
7757.jpg,0
7761.jpg,0
7762.jpg,0
7765.jpg,0
7766.jpg,0
7768.jpg,0
7770.jpg,0
7772.jpg,0
7776.jpg,0
7778.jpg,0
7779.jpg,0
7782.jpg,0
7783.jpg,0
7789.jpg,0
7792.jpg,0
7794.jpg,0
7796.jpg,0
7797.jpg,0
7800.jpg,0
7804.jpg,0
7808.jpg,0
7809.jpg,0
7811.jpg,0
7815.jpg,0
7817.jpg,0
7824.jpg,0
7830.jpg,0
7832.jpg,0
7835.jpg,0
7843.jpg,0
7844.jpg,0
7855.jpg,0
7857.jpg,0
7858.jpg,0
7862.jpg,0
7864.jpg,0
7866.jpg,0
7867.jpg,0
7869.jpg,0
7870.jpg,0
7871.jpg,0
7878.jpg,0
7880.jpg,0
7883.jpg,0
7887.jpg,0
7894.jpg,0
7895.jpg,0
7896.jpg,0
7898.jpg,0
7903.jpg,0
7904.jpg,0
7905.jpg,0
7907.jpg,0
7911.jpg,0
7917.jpg,0
7918.jpg,0
7920.jpg,0
7921.jpg,0
7923.jpg,0
7925.jpg,0
7933.jpg,0
7934.jpg,0
7938.jpg,0
7943.jpg,0
7945.jpg,0
7954.jpg,0
7957.jpg,0
7958.jpg,0
7964.jpg,0
7968.jpg,0
7969.jpg,0
7970.jpg,0
7974.jpg,0
7975.jpg,0
7976.jpg,0
7978.jpg,0
7983.jpg,0
7986.jpg,0
7987.jpg,0
7988.jpg,0
7989.jpg,0
7991.jpg,0
7995.jpg,0
8000.jpg,0
8002.jpg,0
8004.jpg,0
8007.jpg,0
8008.jpg,0
8010.jpg,0
8011.jpg,0
8012.jpg,0
8013.jpg,0
8015.jpg,0
8017.jpg,0
8020.jpg,0
8024.jpg,0
8030.jpg,0
8035.jpg,0
8037.jpg,0
8040.jpg,0
8046.jpg,0
8050.jpg,0
8052.jpg,0
8057.jpg,0
8059.jpg,0
8066.jpg,0
8067.jpg,0
8068.jpg,0
8071.jpg,0
8072.jpg,0
8075.jpg,0
8078.jpg,0
8079.jpg,0
8080.jpg,0
8082.jpg,0
8083.jpg,0
8085.jpg,0
8091.jpg,0
8094.jpg,0
8097.jpg,0
8099.jpg,0
8101.jpg,0
8106.jpg,0
8108.jpg,0
8110.jpg,0
8117.jpg,0
8123.jpg,0
8127.jpg,0
8128.jpg,0
8133.jpg,0
8134.jpg,0
8135.jpg,0
8141.jpg,0
8142.jpg,0
8144.jpg,0
8147.jpg,0
8149.jpg,0
8150.jpg,0
8154.jpg,0
8155.jpg,0
8157.jpg,0
8158.jpg,0
8160.jpg,0
8164.jpg,0
8167.jpg,0
8168.jpg,0
8173.jpg,0
8174.jpg,0
8175.jpg,0
8176.jpg,0
8180.jpg,0
8182.jpg,0
8184.jpg,0
8186.jpg,0
8190.jpg,0
8197.jpg,0
8215.jpg,0
8221.jpg,0
8226.jpg,0
8240.jpg,0
8247.jpg,0
8249.jpg,0
8251.jpg,0
8257.jpg,0
8258.jpg,0
8263.jpg,0
8264.jpg,0
8265.jpg,0
8267.jpg,0
8268.jpg,0
8270.jpg,0
8272.jpg,0
8279.jpg,0
8282.jpg,0
8284.jpg,0
8285.jpg,0
8286.jpg,0
8287.jpg,0
8288.jpg,0
8289.jpg,0
8290.jpg,0
8303.jpg,0
8305.jpg,0
8310.jpg,0
8315.jpg,0
8316.jpg,0
8317.jpg,0
8319.jpg,0
8320.jpg,0
8321.jpg,0
8325.jpg,0
8326.jpg,0
8330.jpg,0
8332.jpg,0
8339.jpg,0
8341.jpg,0
8347.jpg,0
8359.jpg,0
8361.jpg,0
8368.jpg,0
8369.jpg,0
8370.jpg,0
8378.jpg,0
8383.jpg,0
8391.jpg,0
8395.jpg,0
8398.jpg,0
8400.jpg,0
8401.jpg,0
8403.jpg,0
8405.jpg,0
8414.jpg,0
8416.jpg,0
8417.jpg,0
8423.jpg,0
8426.jpg,0
8429.jpg,0
8432.jpg,0
8440.jpg,0
8443.jpg,0
8449.jpg,0
8451.jpg,0
8454.jpg,0
8456.jpg,0
8461.jpg,0
8463.jpg,0
8464.jpg,0
8465.jpg,0
8467.jpg,0
8468.jpg,0
8476.jpg,0
8482.jpg,0
8483.jpg,0
8489.jpg,0
8490.jpg,0
8491.jpg,0
8493.jpg,0
8496.jpg,0
8504.jpg,0
8505.jpg,0
8506.jpg,0
8507.jpg,0
8508.jpg,0
8512.jpg,0
8516.jpg,0
8520.jpg,0
8522.jpg,0
8523.jpg,0
8524.jpg,0
8534.jpg,0
8546.jpg,0
8550.jpg,0
8551.jpg,0
8552.jpg,0
8555.jpg,0
8560.jpg,0
8568.jpg,0
8570.jpg,0
8572.jpg,0
8574.jpg,0
8576.jpg,0
8578.jpg,0
8582.jpg,0
8583.jpg,0
8586.jpg,0
8593.jpg,0
8597.jpg,0
8609.jpg,0
8614.jpg,0
8620.jpg,0
8625.jpg,0
8632.jpg,0
8638.jpg,0
8642.jpg,0
8645.jpg,0
8646.jpg,0
8649.jpg,0
8650.jpg,0
8651.jpg,0
8652.jpg,0
8654.jpg,0
8664.jpg,0
8665.jpg,0
8666.jpg,0
8667.jpg,0
8672.jpg,0
8675.jpg,0
8677.jpg,0
8678.jpg,0
8680.jpg,0
8681.jpg,0
8700.jpg,0
8704.jpg,0
8710.jpg,0
8715.jpg,0
8718.jpg,0
8721.jpg,0
8722.jpg,0
8726.jpg,0
8729.jpg,0
8730.jpg,0
8736.jpg,0
8753.jpg,0
8758.jpg,0
8759.jpg,0
8763.jpg,0
8765.jpg,0
8770.jpg,0
8772.jpg,0
8776.jpg,0
8781.jpg,0
8783.jpg,0
8784.jpg,0
8785.jpg,0
8789.jpg,0
8795.jpg,0
8799.jpg,0
8802.jpg,0
8804.jpg,0
8806.jpg,0
8808.jpg,0
8809.jpg,0
8812.jpg,0
8814.jpg,0
8815.jpg,0
8817.jpg,0
8820.jpg,0
8823.jpg,0
8828.jpg,0
8829.jpg,0
8833.jpg,0
8836.jpg,0
8839.jpg,0
8840.jpg,0
8846.jpg,0
8849.jpg,0
8851.jpg,0
8852.jpg,0
8853.jpg,0
8858.jpg,0
8865.jpg,0
8869.jpg,0
8873.jpg,0
8874.jpg,0
8875.jpg,0
8877.jpg,0
8887.jpg,0
8888.jpg,0
8892.jpg,0
8893.jpg,0
8894.jpg,0
8910.jpg,0
8911.jpg,0
8916.jpg,0
8917.jpg,0
8926.jpg,0
8929.jpg,0
8935.jpg,0
8936.jpg,0
8941.jpg,0
8943.jpg,0
8944.jpg,0
8945.jpg,0
8946.jpg,0
8951.jpg,0
8956.jpg,0
8967.jpg,0
8968.jpg,0
8969.jpg,0
8971.jpg,0
8972.jpg,0
8973.jpg,0
8979.jpg,0
8983.jpg,0
8986.jpg,0
8988.jpg,0
8989.jpg,0
8990.jpg,0
8992.jpg,0
8997.jpg,0
9001.jpg,0
9005.jpg,0
9010.jpg,0
9020.jpg,0
9021.jpg,0
9022.jpg,0
9024.jpg,0
9026.jpg,0
9027.jpg,0
9028.jpg,0
9030.jpg,0
9031.jpg,0
9038.jpg,0
9039.jpg,0
9041.jpg,0
9047.jpg,0
9052.jpg,0
9053.jpg,0
9056.jpg,0
9062.jpg,0
9063.jpg,0
9066.jpg,0
9075.jpg,0
9081.jpg,0
9082.jpg,0
9084.jpg,0
9085.jpg,0
9086.jpg,0
9092.jpg,0
9094.jpg,0
9098.jpg,0
9100.jpg,0
9101.jpg,0
9107.jpg,0
9110.jpg,0
9111.jpg,0
9113.jpg,0
9115.jpg,0
9121.jpg,0
9122.jpg,0
9123.jpg,0
9128.jpg,0
9130.jpg,0
9131.jpg,0
9132.jpg,0
9134.jpg,0
9136.jpg,0
9138.jpg,0
9139.jpg,0
9143.jpg,0
9144.jpg,0
9145.jpg,0
9150.jpg,0
9154.jpg,0
9161.jpg,0
9162.jpg,0
9165.jpg,0
9168.jpg,0
9170.jpg,0
9175.jpg,0
9177.jpg,0
9178.jpg,0
9181.jpg,0
9183.jpg,0
9187.jpg,0
9194.jpg,0
9197.jpg,0
9200.jpg,0
9203.jpg,0
9204.jpg,0
9205.jpg,0
9207.jpg,0
9210.jpg,0
9212.jpg,0
9215.jpg,0
9225.jpg,0
9226.jpg,0
9227.jpg,0
9235.jpg,0
9237.jpg,0
9240.jpg,0
9242.jpg,0
9244.jpg,0
9245.jpg,0
9247.jpg,0
9248.jpg,0
9254.jpg,0
9255.jpg,0
9257.jpg,0
9259.jpg,0
9261.jpg,0
9264.jpg,0
9265.jpg,0
9268.jpg,0
9270.jpg,0
9272.jpg,0
9280.jpg,0
9284.jpg,0
9288.jpg,0
9293.jpg,0
9294.jpg,0
9295.jpg,0
9296.jpg,0
9302.jpg,0
9303.jpg,0
9314.jpg,0
9315.jpg,0
9316.jpg,0
9318.jpg,0
9326.jpg,0
9328.jpg,0
9331.jpg,0
9333.jpg,0
9336.jpg,0
9337.jpg,0
9341.jpg,0
9347.jpg,0
9354.jpg,0
9361.jpg,0
9371.jpg,0
9373.jpg,0
9374.jpg,0
9379.jpg,0
9380.jpg,0
9382.jpg,0
9384.jpg,0
9386.jpg,0
9390.jpg,0
9391.jpg,0
9392.jpg,0
9397.jpg,0
9398.jpg,0
9402.jpg,0
9403.jpg,0
9405.jpg,0
9411.jpg,0
9414.jpg,0
9421.jpg,0
9424.jpg,0
9427.jpg,0
9428.jpg,0
9429.jpg,0
9431.jpg,0
9433.jpg,0
9435.jpg,0
9436.jpg,0
9437.jpg,0
9438.jpg,0
9440.jpg,0
9443.jpg,0
9451.jpg,0
9452.jpg,0
9453.jpg,0
9461.jpg,0
9465.jpg,0
9469.jpg,0
9470.jpg,0
9471.jpg,0
9476.jpg,0
9477.jpg,0
9479.jpg,0
9486.jpg,0
9488.jpg,0
9491.jpg,0
9500.jpg,0
9505.jpg,0
9508.jpg,0
9509.jpg,0
9511.jpg,0
9513.jpg,0
9515.jpg,0
9523.jpg,0
9524.jpg,0
9529.jpg,0
9538.jpg,0
9542.jpg,0
9543.jpg,0
9545.jpg,0
9546.jpg,0
9550.jpg,0
9552.jpg,0
9554.jpg,0
9556.jpg,0
9557.jpg,0
9559.jpg,0
9562.jpg,0
9565.jpg,0
9572.jpg,0
9582.jpg,0
9590.jpg,0
9591.jpg,0
9593.jpg,0
9594.jpg,0
9596.jpg,0
9598.jpg,0
9599.jpg,0
9607.jpg,0
9612.jpg,0
9614.jpg,0
9617.jpg,0
9618.jpg,0
9619.jpg,0
9623.jpg,0
9624.jpg,0
9626.jpg,0
9629.jpg,0
9630.jpg,0
9638.jpg,0
9640.jpg,0
9641.jpg,0
9651.jpg,0
9654.jpg,0
9660.jpg,0
9661.jpg,0
9665.jpg,0
9668.jpg,0
9677.jpg,0
9678.jpg,0
9679.jpg,0
9683.jpg,0
9688.jpg,0
9691.jpg,0
9694.jpg,0
9697.jpg,0
9700.jpg,0
9702.jpg,0
9710.jpg,0
9711.jpg,0
9712.jpg,0
9713.jpg,0
9721.jpg,0
9723.jpg,0
9724.jpg,0
9727.jpg,0
9730.jpg,0
9732.jpg,0
9735.jpg,0
9738.jpg,0
9743.jpg,0
9747.jpg,0
9765.jpg,0
9772.jpg,0
9775.jpg,0
9777.jpg,0
9783.jpg,0
9786.jpg,0
9790.jpg,0
9791.jpg,0
9792.jpg,0
9794.jpg,0
9795.jpg,0
9796.jpg,0
9802.jpg,0
9803.jpg,0
9804.jpg,0
9809.jpg,0
9816.jpg,0
9818.jpg,0
9823.jpg,0
9824.jpg,0
9826.jpg,0
9827.jpg,0
9828.jpg,0
9829.jpg,0
9834.jpg,0
9836.jpg,0
9837.jpg,0
9844.jpg,0
9845.jpg,0
9849.jpg,0
9854.jpg,0
9855.jpg,0
9858.jpg,0
9864.jpg,0
9865.jpg,0
9870.jpg,0
9873.jpg,0
9876.jpg,0
9882.jpg,0
9886.jpg,0
9887.jpg,0
9889.jpg,0
9897.jpg,0
9900.jpg,0
9902.jpg,0
9909.jpg,0
9914.jpg,0
9915.jpg,0
9917.jpg,0
9920.jpg,0
9933.jpg,0
9936.jpg,0
9939.jpg,0
9940.jpg,0
9945.jpg,0
9947.jpg,0
9949.jpg,0
9950.jpg,0
9954.jpg,0
9960.jpg,0
9963.jpg,0
9972.jpg,0
9973.jpg,0
9975.jpg,0
9976.jpg,0
9982.jpg,0
9986.jpg,0
9987.jpg,0
9988.jpg,0
9992.jpg,0
9993.jpg,0
9995.jpg,0
9996.jpg,0
10004.jpg,0
10005.jpg,0
10012.jpg,0
10013.jpg,0
10017.jpg,0
10021.jpg,0
10034.jpg,0
10038.jpg,0
10040.jpg,0
10043.jpg,0
10045.jpg,0
10047.jpg,0
10048.jpg,0
10052.jpg,0
10054.jpg,0
10059.jpg,0
10060.jpg,0
10066.jpg,0
10069.jpg,0
10073.jpg,0
10079.jpg,0
10082.jpg,0
10083.jpg,0
10090.jpg,0
10092.jpg,0
10096.jpg,0
10100.jpg,0
10101.jpg,0
10102.jpg,0
10106.jpg,0
10109.jpg,0
10119.jpg,0
10124.jpg,0
10127.jpg,0
10129.jpg,0
10132.jpg,0
10133.jpg,0
10147.jpg,0
10157.jpg,0
10158.jpg,0
10159.jpg,0
10164.jpg,0
10166.jpg,0
10168.jpg,0
10169.jpg,0
10171.jpg,0
10173.jpg,0
10175.jpg,0
10178.jpg,0
10179.jpg,0
10187.jpg,0
10190.jpg,0
10199.jpg,0
10201.jpg,0
10208.jpg,0
10209.jpg,0
10211.jpg,0
10212.jpg,0
10225.jpg,0
10226.jpg,0
10232.jpg,0
10233.jpg,0
10241.jpg,0
10243.jpg,0
10244.jpg,0
10246.jpg,0
10247.jpg,0
10253.jpg,0
10261.jpg,0
10269.jpg,0
10270.jpg,0
10272.jpg,0
10276.jpg,0
10277.jpg,0
10282.jpg,0
10284.jpg,0
10286.jpg,0
10287.jpg,0
10288.jpg,0
10290.jpg,0
10292.jpg,0
10293.jpg,0
10302.jpg,0
10305.jpg,0
10307.jpg,0
10308.jpg,0
10311.jpg,0
10321.jpg,0
10333.jpg,0
10336.jpg,0
10339.jpg,0
10340.jpg,0
10342.jpg,0
10352.jpg,0
10356.jpg,0
10360.jpg,0
10363.jpg,0
10366.jpg,0
10371.jpg,0
10375.jpg,0
10377.jpg,0
10381.jpg,0
10388.jpg,0
10390.jpg,0
10391.jpg,0
10395.jpg,0
10397.jpg,0
10400.jpg,0
10401.jpg,0
10405.jpg,0
10406.jpg,0
10409.jpg,0
10410.jpg,0
10413.jpg,0
10414.jpg,0
10415.jpg,0
10419.jpg,0
10423.jpg,0
10424.jpg,0
10425.jpg,0
10427.jpg,0
10434.jpg,0
10435.jpg,0
10436.jpg,0
10437.jpg,0
10439.jpg,0
10445.jpg,0
10447.jpg,0
10457.jpg,0
10458.jpg,0
10461.jpg,0
10469.jpg,0
10471.jpg,0
10475.jpg,0
10477.jpg,0
10478.jpg,0
10479.jpg,0
10481.jpg,0
10484.jpg,0
10486.jpg,0
10498.jpg,0
10501.jpg,0
10512.jpg,0
10522.jpg,0
10523.jpg,0
10530.jpg,0
10531.jpg,0
10534.jpg,0
10535.jpg,0
10538.jpg,0
10545.jpg,0
10549.jpg,0
10557.jpg,0
10558.jpg,0
10560.jpg,0
10561.jpg,0
10568.jpg,0
10572.jpg,0
10579.jpg,0
10583.jpg,0
10585.jpg,0
10586.jpg,0
10587.jpg,0
10590.jpg,0
10591.jpg,0
10593.jpg,0
10612.jpg,0
10614.jpg,0
10615.jpg,0
10622.jpg,0
10625.jpg,0
10629.jpg,0
10631.jpg,0
10634.jpg,0
10638.jpg,0
10649.jpg,0
10651.jpg,0
10652.jpg,0
10657.jpg,0
10660.jpg,0
10669.jpg,0
10674.jpg,0
10675.jpg,0
10676.jpg,0
10677.jpg,0
10679.jpg,0
10680.jpg,0
10682.jpg,0
10685.jpg,0
10694.jpg,0
10696.jpg,0
10698.jpg,0
10700.jpg,0
10701.jpg,0
10702.jpg,0
10708.jpg,0
10712.jpg,0
10726.jpg,0
10733.jpg,0
10734.jpg,0
10737.jpg,0
10742.jpg,0
10746.jpg,0
10748.jpg,0
10749.jpg,0
10755.jpg,0
10758.jpg,0
10760.jpg,0
10762.jpg,0
10764.jpg,0
10768.jpg,0
10769.jpg,0
10771.jpg,0
10782.jpg,0
10785.jpg,0
10797.jpg,0
10799.jpg,0
10806.jpg,0
10807.jpg,0
10813.jpg,0
10814.jpg,0
10816.jpg,0
10817.jpg,0
10818.jpg,0
10819.jpg,0
10823.jpg,0
10829.jpg,0
10830.jpg,0
10836.jpg,0
10839.jpg,0
10843.jpg,0
10844.jpg,0
10855.jpg,0
10858.jpg,0
10860.jpg,0
10864.jpg,0
10866.jpg,0
10869.jpg,0
10871.jpg,0
10873.jpg,0
10875.jpg,0
10879.jpg,0
10880.jpg,0
10885.jpg,0
10888.jpg,0
10890.jpg,0
10893.jpg,0
10894.jpg,0
10897.jpg,0
10901.jpg,0
10905.jpg,0
10906.jpg,0
10910.jpg,0
10913.jpg,0
10914.jpg,0
10918.jpg,0
10919.jpg,0
10920.jpg,0
10923.jpg,0
10930.jpg,0
10931.jpg,0
10933.jpg,0
10934.jpg,0
10939.jpg,0
10944.jpg,0
10945.jpg,0
10949.jpg,0
10952.jpg,0
10956.jpg,0
10957.jpg,0
10960.jpg,0
10964.jpg,0
10968.jpg,0
10969.jpg,0
10976.jpg,0
10979.jpg,0
10981.jpg,0
10987.jpg,0
10988.jpg,0
10989.jpg,0
10991.jpg,0
10998.jpg,0
10999.jpg,0
11000.jpg,0
11001.jpg,0
11005.jpg,0
11009.jpg,0
11012.jpg,0
11013.jpg,0
11014.jpg,0
11015.jpg,0
11017.jpg,0
11021.jpg,0
11022.jpg,0
11025.jpg,0
11031.jpg,0
11038.jpg,0
11059.jpg,0
11061.jpg,0
11065.jpg,0
11067.jpg,0
11071.jpg,0
11073.jpg,0
11078.jpg,0
11079.jpg,0
11082.jpg,0
11087.jpg,0
11091.jpg,0
11101.jpg,0
11102.jpg,0
11103.jpg,0
11104.jpg,0
11105.jpg,0
11109.jpg,0
11115.jpg,0
11119.jpg,0
11120.jpg,0
11121.jpg,0
11123.jpg,0
11126.jpg,0
11130.jpg,0
11135.jpg,0
11137.jpg,0
11145.jpg,0
11147.jpg,0
11153.jpg,0
11155.jpg,0
11158.jpg,0
11159.jpg,0
11163.jpg,0
11166.jpg,0
11167.jpg,0
11170.jpg,0
11172.jpg,0
11174.jpg,0
11175.jpg,0
11179.jpg,0
11191.jpg,0
11192.jpg,0
11193.jpg,0
11194.jpg,0
11195.jpg,0
11201.jpg,0
11205.jpg,0
11208.jpg,0
11210.jpg,0
11214.jpg,0
11216.jpg,0
11222.jpg,0
11224.jpg,0
11227.jpg,0
11230.jpg,0
11240.jpg,0
11242.jpg,0
11243.jpg,0
11245.jpg,0
11248.jpg,0
11250.jpg,0
11252.jpg,0
11256.jpg,0
11258.jpg,0
11260.jpg,0
11269.jpg,0
11273.jpg,0
11285.jpg,0
11298.jpg,0
11299.jpg,0
11301.jpg,0
11308.jpg,0
11318.jpg,0
11322.jpg,0
11324.jpg,0
11328.jpg,0
11330.jpg,0
11335.jpg,0
11337.jpg,0
11341.jpg,0
11353.jpg,0
11356.jpg,0
11357.jpg,0
11361.jpg,0
11370.jpg,0
11386.jpg,0
11391.jpg,0
11392.jpg,0
11394.jpg,0
11397.jpg,0
11399.jpg,0
11403.jpg,0
11408.jpg,0
11411.jpg,0
11420.jpg,0
11422.jpg,0
11423.jpg,0
11427.jpg,0
11430.jpg,0
11431.jpg,0
11433.jpg,0
11435.jpg,0
11443.jpg,0
11444.jpg,0
11445.jpg,0
11449.jpg,0
11454.jpg,0
11461.jpg,0
11462.jpg,0
11463.jpg,0
11478.jpg,0
11481.jpg,0
11485.jpg,0
11486.jpg,0
11488.jpg,0
11496.jpg,0
11500.jpg,0
11501.jpg,0
11509.jpg,0
11511.jpg,0
11517.jpg,0
11520.jpg,0
11521.jpg,0
11525.jpg,0
11527.jpg,0
11529.jpg,0
11531.jpg,0
11533.jpg,0
11538.jpg,0
11540.jpg,0
11546.jpg,0
11547.jpg,0
11548.jpg,0
11549.jpg,0
11551.jpg,0
11564.jpg,0
11565.jpg,0
11566.jpg,0
11571.jpg,0
11572.jpg,0
11573.jpg,0
11574.jpg,0
11575.jpg,0
11576.jpg,0
11577.jpg,0
11580.jpg,0
11581.jpg,0
11584.jpg,0
11585.jpg,0
11588.jpg,0
11589.jpg,0
11593.jpg,0
11596.jpg,0
11603.jpg,0
11607.jpg,0
11615.jpg,0
11617.jpg,0
11619.jpg,0
11623.jpg,0
11633.jpg,0
11634.jpg,0
11638.jpg,0
11643.jpg,0
11645.jpg,0
11648.jpg,0
11651.jpg,0
11666.jpg,0
11668.jpg,0
11671.jpg,0
11674.jpg,0
11678.jpg,0
11682.jpg,0
11686.jpg,0
11688.jpg,0
11693.jpg,0
11695.jpg,0
11703.jpg,0
11704.jpg,0
11705.jpg,0
11711.jpg,0
11715.jpg,0
11720.jpg,0
11726.jpg,0
11729.jpg,0
11730.jpg,0
11738.jpg,0
11742.jpg,0
11752.jpg,0
11756.jpg,0
11757.jpg,0
11758.jpg,0
11761.jpg,0
11763.jpg,0
11766.jpg,0
11767.jpg,0
11769.jpg,0
11771.jpg,0
11773.jpg,0
11776.jpg,0
11778.jpg,0
11781.jpg,0
11789.jpg,0
11791.jpg,0
11792.jpg,0
11793.jpg,0
11798.jpg,0
11802.jpg,0
11805.jpg,0
11809.jpg,0
11811.jpg,0
11817.jpg,0
11818.jpg,0
11819.jpg,0
11820.jpg,0
11822.jpg,0
11832.jpg,0
11835.jpg,0
11838.jpg,0
11839.jpg,0
11848.jpg,0
11849.jpg,0
11853.jpg,0
11854.jpg,0
11863.jpg,0
11870.jpg,0
11874.jpg,0
11879.jpg,0
11881.jpg,0
11884.jpg,0
11885.jpg,0
11886.jpg,0
11890.jpg,0
11891.jpg,0
11895.jpg,0
11897.jpg,0
11900.jpg,0
11901.jpg,0
11903.jpg,0
11904.jpg,0
11907.jpg,0
11909.jpg,0
11912.jpg,0
11915.jpg,0
11916.jpg,0
11919.jpg,0
11920.jpg,0
11930.jpg,0
11935.jpg,0
11942.jpg,0
11948.jpg,0
11949.jpg,0
11950.jpg,0
11953.jpg,0
11958.jpg,0
11962.jpg,0
11965.jpg,0
11968.jpg,0
11971.jpg,0
11972.jpg,0
11975.jpg,0
11983.jpg,0
11984.jpg,0
11995.jpg,0
11996.jpg,0
11997.jpg,0
11998.jpg,0
12006.jpg,0
12012.jpg,0
12015.jpg,0
12017.jpg,0
12022.jpg,0
12023.jpg,0
12026.jpg,0
12033.jpg,0
12036.jpg,0
12037.jpg,0
12041.jpg,0
12045.jpg,0
12052.jpg,0
12056.jpg,0
12057.jpg,0
12061.jpg,0
12062.jpg,0
12072.jpg,0
12073.jpg,0
12076.jpg,0
12078.jpg,0
12079.jpg,0
12080.jpg,0
12082.jpg,0
12085.jpg,0
12086.jpg,0
12087.jpg,0
12088.jpg,0
12090.jpg,0
12095.jpg,0
12098.jpg,0
12099.jpg,0
12100.jpg,0
12109.jpg,0
12112.jpg,0
12115.jpg,0
12124.jpg,0
12128.jpg,0
12132.jpg,0
12133.jpg,0
12137.jpg,0
12139.jpg,0
12141.jpg,0
12150.jpg,0
12153.jpg,0
12155.jpg,0
12163.jpg,0
12176.jpg,0
12180.jpg,0
12182.jpg,0
12183.jpg,0
12184.jpg,0
12189.jpg,0
12192.jpg,0
12199.jpg,0
12201.jpg,0
12205.jpg,0
12207.jpg,0
12211.jpg,0
12215.jpg,0
12229.jpg,0
12234.jpg,0
12246.jpg,0
12250.jpg,0
12251.jpg,0
12253.jpg,0
12254.jpg,0
12259.jpg,0
12261.jpg,0
12264.jpg,0
12267.jpg,0
12269.jpg,0
12271.jpg,0
12275.jpg,0
12276.jpg,0
12278.jpg,0
12279.jpg,0
12284.jpg,0
12285.jpg,0
12286.jpg,0
12289.jpg,0
12291.jpg,0
12293.jpg,0
12297.jpg,0
12298.jpg,0
12302.jpg,0
12305.jpg,0
12312.jpg,0
12318.jpg,0
12321.jpg,0
12325.jpg,0
12326.jpg,0
12329.jpg,0
12331.jpg,0
12332.jpg,0
12334.jpg,0
12335.jpg,0
12340.jpg,0
12341.jpg,0
12347.jpg,0
12350.jpg,0
12351.jpg,0
12352.jpg,0
12354.jpg,0
12355.jpg,0
12356.jpg,0
12359.jpg,0
12361.jpg,0
12362.jpg,0
12363.jpg,0
12371.jpg,0
12373.jpg,0
12374.jpg,0
12376.jpg,0
12377.jpg,0
12390.jpg,0
12394.jpg,0
12395.jpg,0
12399.jpg,0
12402.jpg,0
12407.jpg,0
12409.jpg,0
12413.jpg,0
12419.jpg,0
12420.jpg,0
12421.jpg,0
12422.jpg,0
12423.jpg,0
12437.jpg,0
12443.jpg,0
12446.jpg,0
12453.jpg,0
12459.jpg,0
12461.jpg,0
12464.jpg,0
12475.jpg,0
12476.jpg,0
12480.jpg,0
12484.jpg,0
12486.jpg,0
12491.jpg,0
12497.jpg,0
12498.jpg,0
12501.jpg,0
12514.jpg,0
12516.jpg,0
12525.jpg,0
12527.jpg,0
12537.jpg,0
12541.jpg,0
12545.jpg,0
12550.jpg,0
12553.jpg,0
12554.jpg,0
12557.jpg,0
12563.jpg,0
12564.jpg,0
12573.jpg,0
12575.jpg,0
12577.jpg,0
12582.jpg,0
12586.jpg,0
12587.jpg,0
12606.jpg,0
12607.jpg,0
12608.jpg,0
12609.jpg,0
12612.jpg,0
12614.jpg,0
12625.jpg,0
12626.jpg,0
12628.jpg,0
12631.jpg,0
12635.jpg,0
12642.jpg,0
12643.jpg,0
12645.jpg,0
12648.jpg,0
12650.jpg,0
12662.jpg,0
12670.jpg,0
12675.jpg,0
12677.jpg,0
12683.jpg,0
12686.jpg,0
12687.jpg,0
12700.jpg,0
12707.jpg,0
12709.jpg,0
12712.jpg,0
12715.jpg,0
12722.jpg,0
12724.jpg,0
12725.jpg,0
12730.jpg,0
12731.jpg,0
12749.jpg,0
12751.jpg,0
12753.jpg,0
12756.jpg,0
12763.jpg,0
12764.jpg,0
12765.jpg,0
12774.jpg,0
12778.jpg,0
12781.jpg,0
12784.jpg,0
12785.jpg,0
12791.jpg,0
12796.jpg,0
12797.jpg,0
12800.jpg,0
12804.jpg,0
12809.jpg,0
12812.jpg,0
12813.jpg,0
12816.jpg,0
12824.jpg,0
12825.jpg,0
12828.jpg,0
12830.jpg,0
12831.jpg,0
12832.jpg,0
12833.jpg,0
12834.jpg,0
12835.jpg,0
12836.jpg,0
12838.jpg,0
12841.jpg,0
12842.jpg,0
12844.jpg,0
12847.jpg,0
12850.jpg,0
12851.jpg,0
12853.jpg,0
12854.jpg,0
12856.jpg,0
12859.jpg,0
12860.jpg,0
12866.jpg,0
12867.jpg,0
12869.jpg,0
12879.jpg,0
12891.jpg,0
12894.jpg,0
12895.jpg,0
12896.jpg,0
12899.jpg,0
12901.jpg,0
12902.jpg,0
12911.jpg,0
12914.jpg,0
12918.jpg,0
12920.jpg,0
12921.jpg,0
12922.jpg,0
12932.jpg,0
12936.jpg,0
12941.jpg,0
12949.jpg,0
12951.jpg,0
12952.jpg,0
12953.jpg,0
12954.jpg,0
12959.jpg,0
12960.jpg,0
12961.jpg,0
12962.jpg,0
12964.jpg,0
12966.jpg,0
12969.jpg,0
12970.jpg,0
12971.jpg,0
12972.jpg,0
12975.jpg,0
12977.jpg,0
12978.jpg,0
12979.jpg,0
12980.jpg,0
12984.jpg,0
12985.jpg,0
12989.jpg,0
12997.jpg,0
13001.jpg,0
13004.jpg,0
13007.jpg,0
13012.jpg,0
13014.jpg,0
13015.jpg,0
13016.jpg,0
13017.jpg,0
13018.jpg,0
13022.jpg,0
13028.jpg,0
13029.jpg,0
13031.jpg,0
13034.jpg,0
13036.jpg,0
13037.jpg,0
13039.jpg,0
13042.jpg,0
13047.jpg,0
13055.jpg,0
13060.jpg,0
13062.jpg,0
13063.jpg,0
13065.jpg,0
13066.jpg,0
13069.jpg,0
13070.jpg,0
13073.jpg,0
13074.jpg,0
13081.jpg,0
13084.jpg,0
13085.jpg,0
13087.jpg,0
13088.jpg,0
13091.jpg,0
13095.jpg,0
13096.jpg,0
13098.jpg,0
13100.jpg,0
13101.jpg,0
13102.jpg,0
13104.jpg,0
13109.jpg,0
13110.jpg,0
13116.jpg,0
13119.jpg,0
13120.jpg,0
13123.jpg,0
13133.jpg,0
13136.jpg,0
13137.jpg,0
13138.jpg,0
13148.jpg,0
13150.jpg,0
13161.jpg,0
13162.jpg,0
13163.jpg,0
13168.jpg,0
13169.jpg,0
13174.jpg,0
13176.jpg,0
13178.jpg,0
13179.jpg,0
13192.jpg,0
13193.jpg,0
13199.jpg,0
13202.jpg,0
13204.jpg,0
13208.jpg,0
13214.jpg,0
13224.jpg,0
13227.jpg,0
13230.jpg,0
13237.jpg,0
13239.jpg,0
13243.jpg,0
13246.jpg,0
13252.jpg,0
13255.jpg,0
13256.jpg,0
13260.jpg,0
13261.jpg,0
13262.jpg,0
13269.jpg,0
13271.jpg,0
13275.jpg,0
13282.jpg,0
13283.jpg,0
13290.jpg,0
13291.jpg,0
13292.jpg,0
13295.jpg,0
13296.jpg,0
13297.jpg,0
13299.jpg,0
13302.jpg,0
13303.jpg,0
13305.jpg,0
13316.jpg,0
13318.jpg,0
13321.jpg,0
13325.jpg,0
13326.jpg,0
13329.jpg,0
13330.jpg,0
13331.jpg,0
13333.jpg,0
13335.jpg,0
13340.jpg,0
13341.jpg,0
13342.jpg,0
13344.jpg,0
13345.jpg,0
13346.jpg,0
13356.jpg,0
13358.jpg,0
13365.jpg,0
13367.jpg,0
13369.jpg,0
13370.jpg,0
13373.jpg,0
13379.jpg,0
13381.jpg,0
13389.jpg,0
13390.jpg,0
13392.jpg,0
13394.jpg,0
13398.jpg,0
13399.jpg,0
13407.jpg,0
13408.jpg,0
13410.jpg,0
13413.jpg,0
13414.jpg,0
13415.jpg,0
13416.jpg,0
13424.jpg,0
13428.jpg,0
13433.jpg,0
13434.jpg,0
13436.jpg,0
13438.jpg,0
13441.jpg,0
13443.jpg,0
13447.jpg,0
13448.jpg,0
13450.jpg,0
13454.jpg,0
13457.jpg,0
13458.jpg,0
13459.jpg,0
13460.jpg,0
13461.jpg,0
13462.jpg,0
13465.jpg,0
13466.jpg,0
13467.jpg,0
13468.jpg,0
13469.jpg,0
13471.jpg,0
13475.jpg,0
13476.jpg,0
13481.jpg,0
13485.jpg,0
13488.jpg,0
13489.jpg,0
13491.jpg,0
13498.jpg,0
13500.jpg,0
13501.jpg,0
13509.jpg,0
13510.jpg,0
13512.jpg,0
13513.jpg,0
13517.jpg,0
13518.jpg,0
13520.jpg,0
13529.jpg,0
13530.jpg,0
13541.jpg,0
13542.jpg,0
13545.jpg,0
13547.jpg,0
13550.jpg,0
13552.jpg,0
13554.jpg,0
13555.jpg,0
13558.jpg,0
13561.jpg,0
13562.jpg,0
13566.jpg,0
13571.jpg,0
13576.jpg,0
13578.jpg,0
13580.jpg,0
13581.jpg,0
13584.jpg,0
13585.jpg,0
13589.jpg,0
13591.jpg,0
13595.jpg,0
13598.jpg,0
13601.jpg,0
13604.jpg,0
13606.jpg,0
13607.jpg,0
13610.jpg,0
13614.jpg,0
13616.jpg,0
13619.jpg,0
13620.jpg,0
13628.jpg,0
13636.jpg,0
13641.jpg,0
13646.jpg,0
13647.jpg,0
13653.jpg,0
13657.jpg,0
13660.jpg,0
13661.jpg,0
13662.jpg,0
13663.jpg,0
13670.jpg,0
13672.jpg,0
13683.jpg,0
13684.jpg,0
13686.jpg,0
13690.jpg,0
13693.jpg,0
13694.jpg,0
13695.jpg,0
13696.jpg,0
13704.jpg,0
13707.jpg,0
13708.jpg,0
13712.jpg,0
13713.jpg,0
13714.jpg,0
13718.jpg,0
13724.jpg,0
13727.jpg,0
13738.jpg,0
13744.jpg,0
13751.jpg,0
13752.jpg,0
13754.jpg,0
13755.jpg,0
13756.jpg,0
13758.jpg,0
13768.jpg,0
13772.jpg,0
13774.jpg,0
13778.jpg,0
13786.jpg,0
13787.jpg,0
13795.jpg,0
13799.jpg,0
13802.jpg,0
13805.jpg,0
13807.jpg,0
13810.jpg,0
13814.jpg,0
13817.jpg,0
13830.jpg,0
13831.jpg,0
13837.jpg,0
13838.jpg,0
13840.jpg,0
13845.jpg,0
13850.jpg,0
13852.jpg,0
13853.jpg,0
13865.jpg,0
13867.jpg,0
13869.jpg,0
13870.jpg,0
13872.jpg,0
13875.jpg,0
13876.jpg,0
13877.jpg,0
13878.jpg,0
13883.jpg,0
13889.jpg,0
13891.jpg,0
13894.jpg,0
13895.jpg,0
13900.jpg,0
13908.jpg,0
13912.jpg,0
13913.jpg,0
13914.jpg,0
13917.jpg,0
13918.jpg,0
13927.jpg,0
13929.jpg,0
13931.jpg,0
13933.jpg,0
13936.jpg,0
13939.jpg,0
13944.jpg,0
13945.jpg,0
13949.jpg,0
13950.jpg,0
13963.jpg,0
13964.jpg,0
13968.jpg,0
13971.jpg,0
13972.jpg,0
13974.jpg,0
13975.jpg,0
13977.jpg,0
13979.jpg,0
13984.jpg,0
13986.jpg,0
13987.jpg,0
13989.jpg,0
13990.jpg,0
14006.jpg,0
14011.jpg,0
14017.jpg,0
14018.jpg,0
14020.jpg,0
14026.jpg,0
14028.jpg,0
14032.jpg,0
14042.jpg,0
14044.jpg,0
14046.jpg,0
14050.jpg,0
14051.jpg,0
14053.jpg,0
14055.jpg,0
14061.jpg,0
14065.jpg,0
14066.jpg,0
14068.jpg,0
14069.jpg,0
14082.jpg,0
14083.jpg,0
14084.jpg,0
14085.jpg,0
14086.jpg,0
14088.jpg,0
14090.jpg,0
14093.jpg,0
14098.jpg,0
14101.jpg,0
14102.jpg,0
14108.jpg,0
14112.jpg,0
14113.jpg,0
14119.jpg,0
14120.jpg,0
14121.jpg,0
14128.jpg,0
14132.jpg,0
14137.jpg,0
14138.jpg,0
14139.jpg,0
14149.jpg,0
14150.jpg,0
14151.jpg,0
14155.jpg,0
14157.jpg,0
14162.jpg,0
14163.jpg,0
14166.jpg,0
14169.jpg,0
14172.jpg,0
14176.jpg,0
14181.jpg,0
14186.jpg,0
14193.jpg,0
14195.jpg,0
14197.jpg,0
14199.jpg,0
14200.jpg,0
14201.jpg,0
14204.jpg,0
14206.jpg,0
14208.jpg,0
14210.jpg,0
14211.jpg,0
14215.jpg,0
14222.jpg,0
14234.jpg,0
14235.jpg,0
14236.jpg,0
14240.jpg,0
14241.jpg,0
14248.jpg,0
14251.jpg,0
14253.jpg,0
14254.jpg,0
14265.jpg,0
14267.jpg,0
14271.jpg,0
14272.jpg,0
14276.jpg,0
14277.jpg,0
14292.jpg,0
14293.jpg,0
14302.jpg,0
14303.jpg,0
14306.jpg,0
14308.jpg,0
14310.jpg,0
14320.jpg,0
14326.jpg,0
14327.jpg,0
14335.jpg,0
14339.jpg,0
14345.jpg,0
14346.jpg,0
14347.jpg,0
14348.jpg,0
14350.jpg,0
14351.jpg,0
14352.jpg,0
14356.jpg,0
14357.jpg,0
14359.jpg,0
14361.jpg,0
14364.jpg,0
14367.jpg,0
14369.jpg,0
14370.jpg,0
14374.jpg,0
14376.jpg,0
14380.jpg,0
14381.jpg,0
14384.jpg,0
14386.jpg,0
14387.jpg,0
14391.jpg,0
14395.jpg,0
14401.jpg,0
14402.jpg,0
14405.jpg,0
14406.jpg,0
14413.jpg,0
14414.jpg,0
14415.jpg,0
14417.jpg,0
14421.jpg,0
14424.jpg,0
14426.jpg,0
14427.jpg,0
14428.jpg,0
14438.jpg,0
14444.jpg,0
14445.jpg,0
14450.jpg,0
14453.jpg,0
14457.jpg,0
14463.jpg,0
14473.jpg,0
14476.jpg,0
14478.jpg,0
14481.jpg,0
14484.jpg,0
14485.jpg,0
14487.jpg,0
14490.jpg,0
14493.jpg,0
14496.jpg,0
14498.jpg,0
14501.jpg,0
14506.jpg,0
14508.jpg,0
14511.jpg,0
14513.jpg,0
14520.jpg,0
14522.jpg,0
14524.jpg,0
14526.jpg,0
14528.jpg,0
14530.jpg,0
14531.jpg,0
14539.jpg,0
14542.jpg,0
14549.jpg,0
14557.jpg,0
14558.jpg,0
14561.jpg,0
14562.jpg,0
14566.jpg,0
14571.jpg,0
14574.jpg,0
14580.jpg,0
14581.jpg,0
14583.jpg,0
14587.jpg,0
14589.jpg,0
14594.jpg,0
14596.jpg,0
14601.jpg,0
14604.jpg,0
14606.jpg,0
14610.jpg,0
14611.jpg,0
14613.jpg,0
14614.jpg,0
14616.jpg,0
14618.jpg,0
14624.jpg,0
14625.jpg,0
14631.jpg,0
14636.jpg,0
14645.jpg,0
14650.jpg,0
14653.jpg,0
14656.jpg,0
14657.jpg,0
14664.jpg,0
14666.jpg,0
14672.jpg,0
14678.jpg,0
14679.jpg,0
14682.jpg,0
14684.jpg,0
14685.jpg,0
14688.jpg,0
14695.jpg,0
14696.jpg,0
14697.jpg,0
14699.jpg,0
14701.jpg,0
14715.jpg,0
14718.jpg,0
14722.jpg,0
14724.jpg,0
14729.jpg,0
14730.jpg,0
14732.jpg,0
14735.jpg,0
14737.jpg,0
14739.jpg,0
14742.jpg,0
14747.jpg,0
14753.jpg,0
14755.jpg,0
14757.jpg,0
14759.jpg,0
14762.jpg,0
14765.jpg,0
14768.jpg,0
14771.jpg,0
14772.jpg,0
14774.jpg,0
14775.jpg,0
14776.jpg,0
14779.jpg,0
14784.jpg,0
14787.jpg,0
14790.jpg,0
14793.jpg,0
14796.jpg,0
14800.jpg,0
14801.jpg,0
14806.jpg,0
14811.jpg,0
14813.jpg,0
14814.jpg,0
14815.jpg,0
14819.jpg,0
14821.jpg,0
14822.jpg,0
14828.jpg,0
14829.jpg,0
14835.jpg,0
14841.jpg,0
14842.jpg,0
14850.jpg,0
14855.jpg,0
14858.jpg,0
14859.jpg,0
14862.jpg,0
14877.jpg,0
14878.jpg,0
14886.jpg,0
14890.jpg,0
14891.jpg,0
14893.jpg,0
14895.jpg,0
14899.jpg,0
14901.jpg,0
14906.jpg,0
14908.jpg,0
14913.jpg,0
14919.jpg,0
14921.jpg,0
14922.jpg,0
14925.jpg,0
14926.jpg,0
14929.jpg,0
14930.jpg,0
14937.jpg,0
14939.jpg,0
14942.jpg,0
14944.jpg,0
14945.jpg,0
14953.jpg,0
14954.jpg,0
14957.jpg,0
14960.jpg,0
14963.jpg,0
14965.jpg,0
14970.jpg,0
14971.jpg,0
14973.jpg,0
14975.jpg,0
14976.jpg,0
14977.jpg,0
14981.jpg,0
14982.jpg,0
14983.jpg,0
14992.jpg,0
14996.jpg,0
14998.jpg,0
15002.jpg,0
15004.jpg,0
15006.jpg,0
15007.jpg,0
15010.jpg,0
15012.jpg,0
15013.jpg,0
15014.jpg,0
15018.jpg,0
15021.jpg,0
15022.jpg,0
15023.jpg,0
15027.jpg,0
15031.jpg,0
15040.jpg,0
15041.jpg,0
15046.jpg,0
15049.jpg,0
15053.jpg,0
15057.jpg,0
15063.jpg,0
15066.jpg,0
15068.jpg,0
15075.jpg,0
15077.jpg,0
15079.jpg,0
15080.jpg,0
15081.jpg,0
15083.jpg,0
15089.jpg,0
15095.jpg,0
15099.jpg,0
15101.jpg,0
15105.jpg,0
15111.jpg,0
15112.jpg,0
15113.jpg,0
15114.jpg,0
15116.jpg,0
15119.jpg,0
15123.jpg,0
15128.jpg,0
15129.jpg,0
15130.jpg,0
15131.jpg,0
15134.jpg,0
15136.jpg,0
15137.jpg,0
15139.jpg,0
15148.jpg,0
15149.jpg,0
15151.jpg,0
15157.jpg,0
15158.jpg,0
15161.jpg,0
15162.jpg,0
15170.jpg,0
15172.jpg,0
15173.jpg,0
15177.jpg,0
15178.jpg,0
15179.jpg,0
15186.jpg,0
15187.jpg,0
15193.jpg,0
15197.jpg,0
15200.jpg,0
15201.jpg,0
15208.jpg,0
15219.jpg,0
15220.jpg,0
15224.jpg,0
15229.jpg,0
15230.jpg,0
15237.jpg,0
15240.jpg,0
15241.jpg,0
15244.jpg,0
15252.jpg,0
15253.jpg,0
15262.jpg,0
15266.jpg,0
15272.jpg,0
15274.jpg,0
15276.jpg,0
15278.jpg,0
15282.jpg,0
15283.jpg,0
15286.jpg,0
15297.jpg,0
15302.jpg,0
15303.jpg,0
15305.jpg,0
15309.jpg,0
15312.jpg,0
15314.jpg,0
15315.jpg,0
15318.jpg,0
15325.jpg,0
15333.jpg,0
15336.jpg,0
15337.jpg,0
15340.jpg,0
15342.jpg,0
15349.jpg,0
15350.jpg,0
15351.jpg,0
15353.jpg,0
15357.jpg,0
15360.jpg,0
15365.jpg,0
15366.jpg,0
15368.jpg,0
15375.jpg,0
15378.jpg,0
15381.jpg,0
15387.jpg,0
15388.jpg,0
15391.jpg,0
15392.jpg,0
15394.jpg,0
15396.jpg,0
15399.jpg,0
15403.jpg,0
15406.jpg,0
15415.jpg,0
15417.jpg,0
15420.jpg,0
15427.jpg,0
15431.jpg,0
15437.jpg,0
15438.jpg,0
15441.jpg,0
15442.jpg,0
15450.jpg,0
15452.jpg,0
15455.jpg,0
15458.jpg,0
15461.jpg,0
15485.jpg,0
15489.jpg,0
15490.jpg,0
15492.jpg,0
15500.jpg,0
15506.jpg,0
15508.jpg,0
15513.jpg,0
15519.jpg,0
15520.jpg,0
15524.jpg,0
15525.jpg,0
15527.jpg,0
15537.jpg,0
15543.jpg,0
15548.jpg,0
15552.jpg,0
15555.jpg,0
15563.jpg,0
15566.jpg,0
15576.jpg,0
15578.jpg,0
15583.jpg,0
15591.jpg,0
15602.jpg,0
15603.jpg,0
15610.jpg,0
15612.jpg,0
15619.jpg,0
15621.jpg,0
15623.jpg,0
15629.jpg,0
15630.jpg,0
15631.jpg,0
15632.jpg,0
15634.jpg,0
15638.jpg,0
15642.jpg,0
15643.jpg,0
15645.jpg,0
15646.jpg,0
15647.jpg,0
15648.jpg,0
15649.jpg,0
15652.jpg,0
15658.jpg,0
15662.jpg,0
15663.jpg,0
15669.jpg,0
15670.jpg,0
15676.jpg,0
15678.jpg,0
15679.jpg,0
15685.jpg,0
15686.jpg,0
15688.jpg,0
15698.jpg,0
15700.jpg,0
15706.jpg,0
15707.jpg,0
15710.jpg,0
15712.jpg,0
15713.jpg,0
15717.jpg,0
15720.jpg,0
15722.jpg,0
15723.jpg,0
15726.jpg,0
15727.jpg,0
15728.jpg,0
15731.jpg,0
15733.jpg,0
15735.jpg,0
15737.jpg,0
15738.jpg,0
15744.jpg,0
15745.jpg,0
15746.jpg,0
15747.jpg,0
15750.jpg,0
15758.jpg,0
15762.jpg,0
15764.jpg,0
15765.jpg,0
15766.jpg,0
15772.jpg,0
15779.jpg,0
15781.jpg,0
15786.jpg,0
15788.jpg,0
15801.jpg,0
15805.jpg,0
15825.jpg,0
15829.jpg,0
15830.jpg,0
15832.jpg,0
15834.jpg,0
15836.jpg,0
15838.jpg,0
15840.jpg,0
15846.jpg,0
15847.jpg,0
15848.jpg,0
15849.jpg,0
15850.jpg,0
15859.jpg,0
15863.jpg,0
15866.jpg,0
15868.jpg,0
15870.jpg,0
15878.jpg,0
15879.jpg,0
15881.jpg,0
15887.jpg,0
15888.jpg,0
15890.jpg,0
15891.jpg,0
15895.jpg,0
15896.jpg,0
15900.jpg,0
15902.jpg,0
15904.jpg,0
15909.jpg,0
15910.jpg,0
15912.jpg,0
15914.jpg,0
15916.jpg,0
15917.jpg,0
15918.jpg,0
15922.jpg,0
15924.jpg,0
15927.jpg,0
15928.jpg,0
15929.jpg,0
15933.jpg,0
15934.jpg,0
15935.jpg,0
15941.jpg,0
15946.jpg,0
15947.jpg,0
15951.jpg,0
15954.jpg,0
15958.jpg,0
15963.jpg,0
15964.jpg,0
15967.jpg,0
15969.jpg,0
15974.jpg,0
15975.jpg,0
15979.jpg,0
15980.jpg,0
15981.jpg,0
15983.jpg,0
15984.jpg,0
15993.jpg,0
15994.jpg,0
16000.jpg,0
16014.jpg,0
16015.jpg,0
16023.jpg,0
16028.jpg,0
16029.jpg,0
16033.jpg,0
16035.jpg,0
16039.jpg,0
16040.jpg,0
16042.jpg,0
16045.jpg,0
16051.jpg,0
16056.jpg,0
16058.jpg,0
16063.jpg,0
16068.jpg,0
16071.jpg,0
16075.jpg,0
16084.jpg,0
16089.jpg,0
16093.jpg,0
16094.jpg,0
16096.jpg,0
16098.jpg,0
16099.jpg,0
16102.jpg,0
16106.jpg,0
16107.jpg,0
16110.jpg,0
16117.jpg,0
16119.jpg,0
16120.jpg,0
16121.jpg,0
16125.jpg,0
16127.jpg,0
16129.jpg,0
16135.jpg,0
16140.jpg,0
16145.jpg,0
16146.jpg,0
16148.jpg,0
16151.jpg,0
16158.jpg,0
16161.jpg,0
16167.jpg,0
16169.jpg,0
16177.jpg,0
16178.jpg,0
16181.jpg,0
16186.jpg,0
16193.jpg,0
16196.jpg,0
16197.jpg,0
16202.jpg,0
16204.jpg,0
16210.jpg,0
16213.jpg,0
16216.jpg,0
16217.jpg,0
16220.jpg,0
16224.jpg,0
16228.jpg,0
16229.jpg,0
16230.jpg,0
16232.jpg,0
16233.jpg,0
16235.jpg,0
16242.jpg,0
16256.jpg,0
16263.jpg,0
16264.jpg,0
16265.jpg,0
16266.jpg,0
16270.jpg,0
16271.jpg,0
16273.jpg,0
16275.jpg,0
16277.jpg,0
16291.jpg,0
16298.jpg,0
16299.jpg,0
16300.jpg,0
16304.jpg,0
16305.jpg,0
16313.jpg,0
16317.jpg,0
16318.jpg,0
16319.jpg,0
16323.jpg,0
16327.jpg,0
16328.jpg,0
16329.jpg,0
16332.jpg,0
16337.jpg,0
16343.jpg,0
16344.jpg,0
16347.jpg,0
16351.jpg,0
16353.jpg,0
16357.jpg,0
16360.jpg,0
16361.jpg,0
16373.jpg,0
16378.jpg,0
16379.jpg,0
16380.jpg,0
16384.jpg,0
16393.jpg,0
16396.jpg,0
16397.jpg,0
16401.jpg,0
16403.jpg,0
16405.jpg,0
16406.jpg,0
16408.jpg,0
16410.jpg,0
16411.jpg,0
16412.jpg,0
16415.jpg,0
16424.jpg,0
16428.jpg,0
16429.jpg,0
16436.jpg,0
16442.jpg,0
16444.jpg,0
16445.jpg,0
16446.jpg,0
16447.jpg,0
16449.jpg,0
16454.jpg,0
16461.jpg,0
16462.jpg,0
16464.jpg,0
16465.jpg,0
16471.jpg,0
16475.jpg,0
16477.jpg,0
16480.jpg,0
16484.jpg,0
16486.jpg,0
16487.jpg,0
16497.jpg,0
16499.jpg,0
16501.jpg,0
16508.jpg,0
16514.jpg,0
16519.jpg,0
16524.jpg,0
16526.jpg,0
16530.jpg,0
16532.jpg,0
16535.jpg,0
16536.jpg,0
16539.jpg,0
16541.jpg,0
16542.jpg,0
16546.jpg,0
16548.jpg,0
16551.jpg,0
16552.jpg,0
16553.jpg,0
16554.jpg,0
16558.jpg,0
16576.jpg,0
16587.jpg,0
16591.jpg,0
16597.jpg,0
16601.jpg,0
16603.jpg,0
16605.jpg,0
16606.jpg,0
16608.jpg,0
16617.jpg,0
16619.jpg,0
16622.jpg,0
16626.jpg,0
16628.jpg,0
16630.jpg,0
16632.jpg,0
16634.jpg,0
16635.jpg,0
16637.jpg,0
16639.jpg,0
16649.jpg,0
16650.jpg,0
16653.jpg,0
16656.jpg,0
16660.jpg,0
16662.jpg,0
16663.jpg,0
16666.jpg,0
16676.jpg,0
16678.jpg,0
16680.jpg,0
16684.jpg,0
16685.jpg,0
16686.jpg,0
16687.jpg,0
16688.jpg,0
16689.jpg,0
16690.jpg,0
16698.jpg,0
16699.jpg,0
16702.jpg,0
16704.jpg,0
16706.jpg,0
16713.jpg,0
16714.jpg,0
16718.jpg,0
16722.jpg,0
16724.jpg,0
16725.jpg,0
16729.jpg,0
16737.jpg,0
16738.jpg,0
16742.jpg,0
16743.jpg,0
16747.jpg,0
16749.jpg,0
16751.jpg,0
16754.jpg,0
16758.jpg,0
16759.jpg,0
16760.jpg,0
16766.jpg,0
16767.jpg,0
16772.jpg,0
16777.jpg,0
16779.jpg,0
16780.jpg,0
16781.jpg,0
16782.jpg,0
16784.jpg,0
16787.jpg,0
16789.jpg,0
16790.jpg,0
16791.jpg,0
16794.jpg,0
16796.jpg,0
16803.jpg,0
16814.jpg,0
16815.jpg,0
16816.jpg,0
16818.jpg,0
16819.jpg,0
16820.jpg,0
16822.jpg,0
16825.jpg,0
16836.jpg,0
16838.jpg,0
16839.jpg,0
16840.jpg,0
16841.jpg,0
16844.jpg,0
16846.jpg,0
16849.jpg,0
16850.jpg,0
16851.jpg,0
16854.jpg,0
16858.jpg,0
16859.jpg,0
16860.jpg,0
16864.jpg,0
16866.jpg,0
16877.jpg,0
16878.jpg,0
16881.jpg,0
16883.jpg,0
16886.jpg,0
16890.jpg,0
16892.jpg,0
16893.jpg,0
16894.jpg,0
16900.jpg,0
16907.jpg,0
16908.jpg,0
16909.jpg,0
16915.jpg,0
16918.jpg,0
16921.jpg,0
16922.jpg,0
16924.jpg,0
16934.jpg,0
16937.jpg,0
16940.jpg,0
16941.jpg,0
16945.jpg,0
16947.jpg,0
16950.jpg,0
16955.jpg,0
16957.jpg,0
16958.jpg,0
16961.jpg,0
16964.jpg,0
16967.jpg,0
16968.jpg,0
16970.jpg,0
16976.jpg,0
16978.jpg,0
16986.jpg,0
16987.jpg,0
16993.jpg,0
16995.jpg,0
16996.jpg,0
16997.jpg,0
16999.jpg,0
17003.jpg,0
17010.jpg,0
17012.jpg,0
17016.jpg,0
17023.jpg,0
17035.jpg,0
17037.jpg,0
17039.jpg,0
17041.jpg,0
17046.jpg,0
17048.jpg,0
17050.jpg,0
17052.jpg,0
17054.jpg,0
17057.jpg,0
17059.jpg,0
17062.jpg,0
17068.jpg,0
17071.jpg,0
17079.jpg,0
17080.jpg,0
17082.jpg,0
17083.jpg,0
17084.jpg,0
17086.jpg,0
17088.jpg,0
17090.jpg,0
17100.jpg,0
17103.jpg,0
17108.jpg,0
17109.jpg,0
17115.jpg,0
17116.jpg,0
17118.jpg,0
17121.jpg,0
17125.jpg,0
17127.jpg,0
17128.jpg,0
17129.jpg,0
17132.jpg,0
17133.jpg,0
17134.jpg,0
17140.jpg,0
17145.jpg,0
17146.jpg,0
17147.jpg,0
17148.jpg,0
17150.jpg,0
17153.jpg,0
17155.jpg,0
17157.jpg,0
17158.jpg,0
17159.jpg,0
17160.jpg,0
17162.jpg,0
17163.jpg,0
17167.jpg,0
17172.jpg,0
17177.jpg,0
17182.jpg,0
17185.jpg,0
17186.jpg,0
17188.jpg,0
17192.jpg,0
17195.jpg,0
17196.jpg,0
17197.jpg,0
17199.jpg,0
17203.jpg,0
17208.jpg,0
17210.jpg,0
17213.jpg,0
17215.jpg,0
17218.jpg,0
17219.jpg,0
17223.jpg,0
17224.jpg,0
17231.jpg,0
17233.jpg,0
17241.jpg,0
17243.jpg,0
17245.jpg,0
17247.jpg,0
17251.jpg,0
17253.jpg,0
17254.jpg,0
17255.jpg,0
17256.jpg,0
17261.jpg,0
17266.jpg,0
17269.jpg,0
17271.jpg,0
17276.jpg,0
17279.jpg,0
17280.jpg,0
17281.jpg,0
17282.jpg,0
17288.jpg,0
17289.jpg,0
17290.jpg,0
17292.jpg,0
17293.jpg,0
17294.jpg,0
17300.jpg,0
17303.jpg,0
17304.jpg,0
17307.jpg,0
17310.jpg,0
17316.jpg,0
17326.jpg,0
17327.jpg,0
17334.jpg,0
17340.jpg,0
17342.jpg,0
17349.jpg,0
17351.jpg,0
17357.jpg,0
17358.jpg,0
17365.jpg,0
17366.jpg,0
17367.jpg,0
17369.jpg,0
17375.jpg,0
17376.jpg,0
17377.jpg,0
17382.jpg,0
17383.jpg,0
17386.jpg,0
17388.jpg,0
17391.jpg,0
17392.jpg,0
17395.jpg,0
17398.jpg,0
17400.jpg,0
17405.jpg,0
17407.jpg,0
17408.jpg,0
17409.jpg,0
17414.jpg,0
17415.jpg,0
17422.jpg,0
17428.jpg,0
17430.jpg,0
17436.jpg,0
17437.jpg,0
17438.jpg,0
17440.jpg,0
17447.jpg,0
17448.jpg,0
17459.jpg,0
17460.jpg,0
17465.jpg,0
17467.jpg,0
17471.jpg,0
17477.jpg,0
17478.jpg,0
17482.jpg,0
17487.jpg,0
17489.jpg,0
17493.jpg,0
17501.jpg,0
17505.jpg,0
17512.jpg,0
17513.jpg,0
17517.jpg,0
17518.jpg,0
17524.jpg,0
17525.jpg,0
17533.jpg,0
17534.jpg,0
17535.jpg,0
17536.jpg,0
17538.jpg,0
17542.jpg,0
17546.jpg,0
17549.jpg,0
17550.jpg,0
17556.jpg,0
17561.jpg,0
17565.jpg,0
17572.jpg,0
17573.jpg,0
17578.jpg,0
17580.jpg,0
17582.jpg,0
17584.jpg,0
17592.jpg,0
17595.jpg,0
17596.jpg,0
17598.jpg,0
17599.jpg,0
17601.jpg,0
17606.jpg,0
17608.jpg,0
17610.jpg,0
17614.jpg,0
17618.jpg,0
17619.jpg,0
17620.jpg,0
17623.jpg,0
17626.jpg,0
17627.jpg,0
17629.jpg,0
17630.jpg,0
17634.jpg,0
17635.jpg,0
17637.jpg,0
17640.jpg,0
17641.jpg,0
17644.jpg,0
17646.jpg,0
17649.jpg,0
17650.jpg,0
17653.jpg,0
17656.jpg,0
17658.jpg,0
17659.jpg,0
17665.jpg,0
17669.jpg,0
17676.jpg,0
17677.jpg,0
17681.jpg,0
17684.jpg,0
17686.jpg,0
17692.jpg,0
17694.jpg,0
17696.jpg,0
17699.jpg,0
17703.jpg,0
17704.jpg,0
17709.jpg,0
17710.jpg,0
17720.jpg,0
17723.jpg,0
17728.jpg,0
17733.jpg,0
17737.jpg,0
17738.jpg,0
17746.jpg,0
17748.jpg,0
17749.jpg,0
17752.jpg,0
17753.jpg,0
17754.jpg,0
17762.jpg,0
17763.jpg,0
17772.jpg,0
17774.jpg,0
17778.jpg,0
17779.jpg,0
17790.jpg,0
17791.jpg,0
17792.jpg,0
17800.jpg,0
17802.jpg,0
17804.jpg,0
17813.jpg,0
17815.jpg,0
17816.jpg,0
17828.jpg,0
17829.jpg,0
17832.jpg,0
17833.jpg,0
17836.jpg,0
17839.jpg,0
17843.jpg,0
17850.jpg,0
17851.jpg,0
17858.jpg,0
17859.jpg,0
17861.jpg,0
17862.jpg,0
17863.jpg,0
17867.jpg,0
17869.jpg,0
17870.jpg,0
17871.jpg,0
17874.jpg,0
17876.jpg,0
17878.jpg,0
17879.jpg,0
17880.jpg,0
17883.jpg,0
17884.jpg,0
17899.jpg,0
17901.jpg,0
17907.jpg,0
17908.jpg,0
17909.jpg,0
17911.jpg,0
17917.jpg,0
17921.jpg,0
17929.jpg,0
17931.jpg,0
17935.jpg,0
17938.jpg,0
17943.jpg,0
17945.jpg,0
17949.jpg,0
17950.jpg,0
17955.jpg,0
17960.jpg,0
17961.jpg,0
17974.jpg,0
17976.jpg,0
17979.jpg,0
17982.jpg,0
17984.jpg,0
17988.jpg,0
17990.jpg,0
17995.jpg,0
18004.jpg,0
18008.jpg,0
18010.jpg,0
18013.jpg,0
18019.jpg,0
18021.jpg,0
18030.jpg,0
18032.jpg,0
18033.jpg,0
18036.jpg,0
18039.jpg,0
18040.jpg,0
18041.jpg,0
18047.jpg,0
18048.jpg,0
18049.jpg,0
18054.jpg,0
18055.jpg,0
18058.jpg,0
18061.jpg,0
18062.jpg,0
18066.jpg,0
18067.jpg,0
18068.jpg,0
18069.jpg,0
18071.jpg,0
18080.jpg,0
18081.jpg,0
18082.jpg,0
18083.jpg,0
18085.jpg,0
18090.jpg,0
18093.jpg,0
18094.jpg,0
18097.jpg,0
18098.jpg,0
18109.jpg,0
18112.jpg,0
18113.jpg,0
18118.jpg,0
18119.jpg,0
18121.jpg,0
18126.jpg,0
18127.jpg,0
18130.jpg,0
18134.jpg,0
18141.jpg,0
18148.jpg,0
18160.jpg,0
18168.jpg,0
18169.jpg,0
18171.jpg,0
18172.jpg,0
18174.jpg,0
18178.jpg,0
18179.jpg,0
18181.jpg,0
18183.jpg,0
18188.jpg,0
18193.jpg,0
18194.jpg,0
18198.jpg,0
18200.jpg,0
18210.jpg,0
18212.jpg,0
18220.jpg,0
18223.jpg,0
18225.jpg,0
18227.jpg,0
18228.jpg,0
18229.jpg,0
18241.jpg,0
18246.jpg,0
18250.jpg,0
18254.jpg,0
18257.jpg,0
18259.jpg,0
18274.jpg,0
18276.jpg,0
18278.jpg,0
18282.jpg,0
18285.jpg,0
18286.jpg,0
18295.jpg,0
18296.jpg,0
18297.jpg,0
18298.jpg,0
18304.jpg,0
18307.jpg,0
18314.jpg,0
18315.jpg,0
18319.jpg,0
18326.jpg,0
18330.jpg,0
18333.jpg,0
18338.jpg,0
18340.jpg,0
18346.jpg,0
18352.jpg,0
18357.jpg,0
18358.jpg,0
18362.jpg,0
18365.jpg,0
18370.jpg,0
18371.jpg,0
18376.jpg,0
18377.jpg,0
18378.jpg,0
18379.jpg,0
18387.jpg,0
18391.jpg,0
18395.jpg,0
18396.jpg,0
18399.jpg,0
18402.jpg,0
18404.jpg,0
18405.jpg,0
18406.jpg,0
18410.jpg,0
18413.jpg,0
18414.jpg,0
18427.jpg,0
18434.jpg,0
18448.jpg,0
18450.jpg,0
18458.jpg,0
18459.jpg,0
18461.jpg,0
18464.jpg,0
18475.jpg,0
18477.jpg,0
18478.jpg,0
18479.jpg,0
18482.jpg,0
18488.jpg,0
18491.jpg,0
18492.jpg,0
18497.jpg,0
18504.jpg,0
18506.jpg,0
18509.jpg,0
18510.jpg,0
18512.jpg,0
18513.jpg,0
18519.jpg,0
18522.jpg,0
18528.jpg,0
18530.jpg,0
18536.jpg,0
18537.jpg,0
18540.jpg,0
18543.jpg,0
18545.jpg,0
18549.jpg,0
18554.jpg,0
18562.jpg,0
18563.jpg,0
18570.jpg,0
18579.jpg,0
18581.jpg,0
18583.jpg,0
18585.jpg,0
18588.jpg,0
18589.jpg,0
18591.jpg,0
18594.jpg,0
18596.jpg,0
18599.jpg,0
18601.jpg,0
18604.jpg,0
18607.jpg,0
18608.jpg,0
18609.jpg,0
18610.jpg,0
18611.jpg,0
18613.jpg,0
18616.jpg,0
18617.jpg,0
18619.jpg,0
18620.jpg,0
18623.jpg,0
18624.jpg,0
18626.jpg,0
18627.jpg,0
18633.jpg,0
18635.jpg,0
18640.jpg,0
18641.jpg,0
18642.jpg,0
18647.jpg,0
18649.jpg,0
18650.jpg,0
18653.jpg,0
18662.jpg,0
18665.jpg,0
18669.jpg,0
18673.jpg,0
18681.jpg,0
18684.jpg,0
18685.jpg,0
18688.jpg,0
18693.jpg,0
18695.jpg,0
18698.jpg,0
18703.jpg,0
18706.jpg,0
18708.jpg,0
18713.jpg,0
18714.jpg,0
18719.jpg,0
18722.jpg,0
18727.jpg,0
18728.jpg,0
18729.jpg,0
18732.jpg,0
18733.jpg,0
18734.jpg,0
18738.jpg,0
18739.jpg,0
18746.jpg,0
18747.jpg,0
18750.jpg,0
18759.jpg,0
18760.jpg,0
18762.jpg,0
18766.jpg,0
18768.jpg,0
18774.jpg,0
18775.jpg,0
18778.jpg,0
18782.jpg,0
18800.jpg,0
18801.jpg,0
18802.jpg,0
18806.jpg,0
18810.jpg,0
18813.jpg,0
18818.jpg,0
18825.jpg,0
18830.jpg,0
18833.jpg,0
18836.jpg,0
18844.jpg,0
18845.jpg,0
18847.jpg,0
18850.jpg,0
18852.jpg,0
18857.jpg,0
18858.jpg,0
18859.jpg,0
18861.jpg,0
18862.jpg,0
18867.jpg,0
18868.jpg,0
18869.jpg,0
18871.jpg,0
18873.jpg,0
18879.jpg,0
18886.jpg,0
18890.jpg,0
18892.jpg,0
18896.jpg,0
18904.jpg,0
18910.jpg,0
18924.jpg,0
18935.jpg,0
18939.jpg,0
18943.jpg,0
18948.jpg,0
18949.jpg,0
18953.jpg,0
18956.jpg,0
18961.jpg,0
18964.jpg,0
18966.jpg,0
18968.jpg,0
18969.jpg,0
18970.jpg,0
18973.jpg,0
18975.jpg,0
18976.jpg,0
18979.jpg,0
18981.jpg,0
18983.jpg,0
18985.jpg,0
18986.jpg,0
18987.jpg,0
18994.jpg,0
18996.jpg,0
18998.jpg,0
19006.jpg,0
19008.jpg,0
19012.jpg,0
19018.jpg,0
19021.jpg,0
19022.jpg,0
19025.jpg,0
19028.jpg,0
19029.jpg,0
19033.jpg,0
19034.jpg,0
19042.jpg,0
19046.jpg,0
19047.jpg,0
19048.jpg,0
19050.jpg,0
19053.jpg,0
19054.jpg,0
19059.jpg,0
19060.jpg,0
19062.jpg,0
19064.jpg,0
19065.jpg,0
19069.jpg,0
19073.jpg,0
19074.jpg,0
19079.jpg,0
19082.jpg,0
19083.jpg,0
19084.jpg,0
19086.jpg,0
19087.jpg,0
19088.jpg,0
19092.jpg,0
19093.jpg,0
19096.jpg,0
19099.jpg,0
19100.jpg,0
19102.jpg,0
19105.jpg,0
19106.jpg,0
19107.jpg,0
19109.jpg,0
19111.jpg,0
19117.jpg,0
19123.jpg,0
19128.jpg,0
19135.jpg,0
19143.jpg,0
19146.jpg,0
19148.jpg,0
19149.jpg,0
19155.jpg,0
19157.jpg,0
19160.jpg,0
19165.jpg,0
19172.jpg,0
19174.jpg,0
19181.jpg,0
19188.jpg,0
19190.jpg,0
19191.jpg,0
19194.jpg,0
19201.jpg,0
19208.jpg,0
19219.jpg,0
19222.jpg,0
19229.jpg,0
19231.jpg,0
19232.jpg,0
19233.jpg,0
19234.jpg,0
19239.jpg,0
19246.jpg,0
19248.jpg,0
19254.jpg,0
19258.jpg,0
19262.jpg,0
19264.jpg,0
19269.jpg,0
19271.jpg,0
19275.jpg,0
19278.jpg,0
19283.jpg,0
19287.jpg,0
19288.jpg,0
19301.jpg,0
19309.jpg,0
19310.jpg,0
19313.jpg,0
19315.jpg,0
19316.jpg,0
19320.jpg,0
19321.jpg,0
19322.jpg,0
19324.jpg,0
19327.jpg,0
19330.jpg,0
19333.jpg,0
19340.jpg,0
19341.jpg,0
19346.jpg,0
19351.jpg,0
19361.jpg,0
19365.jpg,0
19366.jpg,0
19368.jpg,0
19370.jpg,0
19372.jpg,0
19376.jpg,0
19381.jpg,0
19382.jpg,0
19385.jpg,0
19390.jpg,0
19392.jpg,0
19393.jpg,0
19395.jpg,0
19396.jpg,0
19408.jpg,0
19409.jpg,0
19410.jpg,0
19414.jpg,0
19421.jpg,0
19423.jpg,0
19424.jpg,0
19426.jpg,0
19427.jpg,0
19432.jpg,0
19433.jpg,0
19435.jpg,0
19436.jpg,0
19442.jpg,0
19445.jpg,0
19448.jpg,0
19452.jpg,0
19457.jpg,0
19458.jpg,0
19467.jpg,0
19469.jpg,0
19470.jpg,0
19471.jpg,0
19472.jpg,0
19473.jpg,0
19474.jpg,0
19475.jpg,0
19476.jpg,0
19479.jpg,0
19480.jpg,0
19481.jpg,0
19482.jpg,0
19485.jpg,0
19497.jpg,0
19500.jpg,0
19501.jpg,0
19503.jpg,0
19504.jpg,0
19506.jpg,0
19518.jpg,0
19520.jpg,0
19521.jpg,0
19525.jpg,0
19527.jpg,0
19528.jpg,0
19539.jpg,0
19540.jpg,0
19543.jpg,0
19549.jpg,0
19557.jpg,0
19558.jpg,0
19560.jpg,0
19561.jpg,0
19562.jpg,0
19564.jpg,0
19568.jpg,0
19569.jpg,0
19570.jpg,0
19572.jpg,0
19575.jpg,0
19577.jpg,0
19581.jpg,0
19583.jpg,0
19587.jpg,0
19590.jpg,0
19592.jpg,0
19596.jpg,0
19597.jpg,0
19602.jpg,0
19604.jpg,0
19606.jpg,0
19610.jpg,0
19611.jpg,0
19614.jpg,0
19618.jpg,0
19619.jpg,0
19620.jpg,0
19628.jpg,0
19629.jpg,0
19631.jpg,0
19632.jpg,0
19633.jpg,0
19634.jpg,0
19637.jpg,0
19641.jpg,0
19644.jpg,0
19645.jpg,0
19646.jpg,0
19648.jpg,0
19651.jpg,0
19653.jpg,0
19654.jpg,0
19655.jpg,0
19657.jpg,0
19658.jpg,0
19665.jpg,0
19670.jpg,0
19671.jpg,0
19672.jpg,0
19673.jpg,0
19678.jpg,0
19681.jpg,0
19682.jpg,0
19684.jpg,0
19685.jpg,0
19686.jpg,0
19687.jpg,0
19690.jpg,0
19696.jpg,0
19702.jpg,0
19707.jpg,0
19710.jpg,0
19712.jpg,0
19717.jpg,0
19725.jpg,0
19726.jpg,0
19727.jpg,0
19729.jpg,0
19731.jpg,0
19733.jpg,0
19734.jpg,0
19742.jpg,0
19744.jpg,0
19745.jpg,0
19748.jpg,0
19751.jpg,0
19754.jpg,0
19757.jpg,0
19759.jpg,0
19763.jpg,0
19767.jpg,0
19775.jpg,0
19785.jpg,0
19787.jpg,0
19788.jpg,0
19790.jpg,0
19792.jpg,0
19797.jpg,0
19801.jpg,0
19803.jpg,0
19804.jpg,0
19821.jpg,0
19822.jpg,0
19831.jpg,0
19836.jpg,0
19838.jpg,0
19839.jpg,0
19842.jpg,0
19847.jpg,0
19850.jpg,0
19852.jpg,0
19856.jpg,0
19863.jpg,0
19869.jpg,0
19870.jpg,0
19871.jpg,0
19873.jpg,0
19875.jpg,0
19877.jpg,0
19880.jpg,0
19881.jpg,0
19890.jpg,0
19893.jpg,0
19899.jpg,0
19902.jpg,0
19906.jpg,0
19908.jpg,0
19911.jpg,0
19914.jpg,0
19916.jpg,0
19918.jpg,0
19919.jpg,0
19931.jpg,0
19933.jpg,0
19941.jpg,0
19942.jpg,0
19943.jpg,0
19944.jpg,0
19949.jpg,0
19951.jpg,0
19957.jpg,0
19968.jpg,0
19972.jpg,0
19977.jpg,0
19979.jpg,0
19980.jpg,0
19984.jpg,0
19986.jpg,0
19991.jpg,0
19994.jpg,0
19997.jpg,0
19998.jpg,0
20003.jpg,0
20005.jpg,0
20009.jpg,0
20012.jpg,0
20015.jpg,0
20020.jpg,0
20021.jpg,0
20022.jpg,0
20023.jpg,0
20025.jpg,0
20029.jpg,0
20031.jpg,0
20032.jpg,0
20034.jpg,0
20035.jpg,0
20037.jpg,0
20038.jpg,0
20039.jpg,0
20042.jpg,0
20043.jpg,0
20047.jpg,0
20049.jpg,0
20050.jpg,0
20055.jpg,0
20063.jpg,0
20065.jpg,0
20086.jpg,0
20097.jpg,0
20101.jpg,0
20102.jpg,0
20103.jpg,0
20104.jpg,0
20105.jpg,0
20110.jpg,0
20118.jpg,0
20119.jpg,0
20121.jpg,0
20122.jpg,0
20125.jpg,0
20128.jpg,0
20130.jpg,0
20132.jpg,0
20135.jpg,0
20139.jpg,0
20141.jpg,0
20143.jpg,0
20145.jpg,0
20146.jpg,0
20149.jpg,0
20155.jpg,0
20156.jpg,0
20169.jpg,0
20180.jpg,0
20182.jpg,0
20188.jpg,0
20192.jpg,0
20193.jpg,0
20196.jpg,0
20197.jpg,0
20199.jpg,0
20200.jpg,0
20201.jpg,0
20203.jpg,0
20205.jpg,0
20208.jpg,0
20213.jpg,0
20214.jpg,0
20215.jpg,0
20217.jpg,0
20219.jpg,0
20220.jpg,0
20223.jpg,0
20224.jpg,0
20233.jpg,0
20235.jpg,0
20237.jpg,0
20239.jpg,0
20244.jpg,0
20248.jpg,0
20251.jpg,0
20254.jpg,0
20258.jpg,0
20262.jpg,0
20263.jpg,0
20278.jpg,0
20279.jpg,0
20280.jpg,0
20284.jpg,0
20290.jpg,0
20291.jpg,0
20295.jpg,0
20298.jpg,0
20301.jpg,0
20302.jpg,0
20308.jpg,0
20312.jpg,0
20321.jpg,0
20323.jpg,0
20324.jpg,0
20325.jpg,0
20338.jpg,0
20339.jpg,0
20340.jpg,0
20349.jpg,0
20351.jpg,0
20354.jpg,0
20360.jpg,0
20361.jpg,0
20364.jpg,0
20368.jpg,0
20369.jpg,0
20375.jpg,0
20376.jpg,0
20377.jpg,0
20381.jpg,0
20385.jpg,0
20391.jpg,0
20396.jpg,0
20399.jpg,0
20403.jpg,0
20404.jpg,0
20407.jpg,0
20410.jpg,0
20412.jpg,0
20415.jpg,0
20420.jpg,0
20422.jpg,0
20426.jpg,0
20428.jpg,0
20429.jpg,0
20434.jpg,0
20437.jpg,0
20442.jpg,0
20445.jpg,0
20451.jpg,0
20452.jpg,0
20453.jpg,0
20456.jpg,0
20462.jpg,0
20463.jpg,0
20466.jpg,0
20468.jpg,0
20469.jpg,0
20470.jpg,0
20471.jpg,0
20478.jpg,0
20481.jpg,0
20483.jpg,0
20488.jpg,0
20492.jpg,0
20496.jpg,0
20499.jpg,0
20500.jpg,0
20501.jpg,0
20503.jpg,0
20505.jpg,0
20506.jpg,0
20507.jpg,0
20509.jpg,0
20514.jpg,0
20518.jpg,0
20521.jpg,0
20523.jpg,0
20525.jpg,0
20526.jpg,0
20529.jpg,0
20532.jpg,0
20538.jpg,0
20542.jpg,0
20543.jpg,0
20547.jpg,0
20548.jpg,0
20551.jpg,0
20552.jpg,0
20557.jpg,0
20562.jpg,0
20569.jpg,0
20573.jpg,0
20578.jpg,0
20579.jpg,0
20583.jpg,0
20588.jpg,0
20593.jpg,0
20594.jpg,0
20600.jpg,0
20604.jpg,0
20607.jpg,0
20609.jpg,0
20610.jpg,0
20614.jpg,0
20618.jpg,0
20623.jpg,0
20625.jpg,0
20632.jpg,0
20636.jpg,0
20641.jpg,0
20645.jpg,0
20654.jpg,0
20656.jpg,0
20659.jpg,0
20661.jpg,0
20667.jpg,0
20669.jpg,0
20673.jpg,0
20675.jpg,0
20681.jpg,0
20682.jpg,0
20689.jpg,0
20693.jpg,0
20697.jpg,0
20698.jpg,0
20699.jpg,0
20700.jpg,0
20701.jpg,0
20707.jpg,0
20708.jpg,0
20711.jpg,0
20715.jpg,0
20716.jpg,0
20721.jpg,0
20724.jpg,0
20727.jpg,0
20729.jpg,0
20736.jpg,0
20743.jpg,0
20744.jpg,0
20747.jpg,0
20749.jpg,0
20755.jpg,0
20758.jpg,0
20760.jpg,0
20768.jpg,0
20772.jpg,0
20773.jpg,0
20775.jpg,0
20778.jpg,0
20780.jpg,0
20784.jpg,0
20786.jpg,0
20787.jpg,0
20789.jpg,0
20790.jpg,0
20791.jpg,0
20792.jpg,0
20793.jpg,0
20795.jpg,0
20797.jpg,0
20803.jpg,0
20809.jpg,0
20814.jpg,0
20817.jpg,0
20823.jpg,0
20824.jpg,0
20827.jpg,0
20829.jpg,0
20830.jpg,0
20836.jpg,0
20837.jpg,0
20839.jpg,0
20845.jpg,0
20849.jpg,0
20850.jpg,0
20852.jpg,0
20855.jpg,0
20859.jpg,0
20861.jpg,0
20862.jpg,0
20865.jpg,0
20875.jpg,0
20877.jpg,0
20880.jpg,0
20881.jpg,0
20883.jpg,0
20886.jpg,0
20891.jpg,0
20901.jpg,0
20902.jpg,0
20912.jpg,0
20913.jpg,0
20914.jpg,0
20919.jpg,0
20920.jpg,0
20923.jpg,0
20932.jpg,0
20936.jpg,0
20939.jpg,0
20943.jpg,0
20945.jpg,0
20951.jpg,0
20956.jpg,0
20957.jpg,0
20964.jpg,0
20967.jpg,0
20969.jpg,0
20973.jpg,0
20977.jpg,0
20979.jpg,0
20987.jpg,0
20990.jpg,0
20993.jpg,0
20997.jpg,0
21002.jpg,0
21003.jpg,0
21005.jpg,0
21009.jpg,0
21010.jpg,0
21015.jpg,0
21021.jpg,0
21023.jpg,0
21026.jpg,0
21028.jpg,0
21029.jpg,0
21030.jpg,0
21031.jpg,0
21033.jpg,0
21039.jpg,0
21048.jpg,0
21050.jpg,0
21051.jpg,0
21056.jpg,0
21057.jpg,0
21068.jpg,0
21070.jpg,0
21071.jpg,0
21072.jpg,0
21074.jpg,0
21075.jpg,0
21079.jpg,0
21080.jpg,0
21082.jpg,0
21084.jpg,0
21088.jpg,0
21089.jpg,0
21094.jpg,0
21103.jpg,0
21109.jpg,0
21110.jpg,0
21111.jpg,0
21112.jpg,0
21113.jpg,0
21114.jpg,0
21116.jpg,0
21117.jpg,0
21122.jpg,0
21124.jpg,0
21127.jpg,0
21131.jpg,0
21132.jpg,0
21133.jpg,0
21134.jpg,0
21140.jpg,0
21145.jpg,0
21147.jpg,0
21157.jpg,0
21160.jpg,0
21164.jpg,0
21165.jpg,0
21166.jpg,0
21171.jpg,0
21172.jpg,0
21178.jpg,0
21180.jpg,0
21181.jpg,0
21184.jpg,0
21188.jpg,0
21189.jpg,0
21190.jpg,0
21193.jpg,0
21194.jpg,0
21195.jpg,0
21202.jpg,0
21204.jpg,0
21205.jpg,0
21208.jpg,0
21211.jpg,0
21218.jpg,0
21219.jpg,0
21223.jpg,0
21228.jpg,0
21235.jpg,0
21249.jpg,0
21251.jpg,0
21252.jpg,0
21253.jpg,0
21261.jpg,0
21264.jpg,0
21265.jpg,0
21267.jpg,0
21268.jpg,0
21270.jpg,0
21273.jpg,0
21275.jpg,0
21282.jpg,0
21283.jpg,0
21284.jpg,0
21289.jpg,0
21295.jpg,0
21299.jpg,0
21300.jpg,0
21308.jpg,0
21312.jpg,0
21315.jpg,0
21321.jpg,0
21322.jpg,0
21323.jpg,0
21324.jpg,0
21326.jpg,0
21327.jpg,0
21330.jpg,0
21331.jpg,0
21332.jpg,0
21333.jpg,0
21335.jpg,0
21337.jpg,0
21338.jpg,0
21346.jpg,0
21351.jpg,0
21365.jpg,0
21370.jpg,0
21372.jpg,0
21374.jpg,0
21379.jpg,0
21382.jpg,0
21384.jpg,0
21388.jpg,0
21391.jpg,0
21394.jpg,0
21395.jpg,0
21397.jpg,0
21398.jpg,0
21402.jpg,0
21403.jpg,0
21404.jpg,0
21408.jpg,0
21413.jpg,0
21416.jpg,0
21420.jpg,0
21424.jpg,0
21425.jpg,0
21429.jpg,0
21436.jpg,0
21438.jpg,0
21439.jpg,0
21440.jpg,0
21441.jpg,0
21444.jpg,0
21446.jpg,0
21449.jpg,0
21451.jpg,0
21457.jpg,0
21460.jpg,0
21467.jpg,0
21471.jpg,0
21474.jpg,0
21477.jpg,0
21482.jpg,0
21487.jpg,0
21489.jpg,0
21493.jpg,0
21495.jpg,0
21500.jpg,0
21502.jpg,0
21508.jpg,0
21509.jpg,0
21511.jpg,0
21515.jpg,0
21520.jpg,0
21521.jpg,0
21523.jpg,0
21528.jpg,0
21530.jpg,0
21531.jpg,0
21532.jpg,0
21534.jpg,0
21536.jpg,0
21540.jpg,0
21541.jpg,0
21548.jpg,0
21549.jpg,0
21550.jpg,0
21552.jpg,0
21561.jpg,0
21562.jpg,0
21565.jpg,0
21566.jpg,0
21567.jpg,0
21571.jpg,0
21577.jpg,0
21579.jpg,0
21582.jpg,0
21585.jpg,0
21588.jpg,0
21590.jpg,0
21594.jpg,0
21595.jpg,0
21602.jpg,0
21606.jpg,0
21608.jpg,0
21616.jpg,0
21619.jpg,0
21622.jpg,0
21625.jpg,0
21626.jpg,0
21628.jpg,0
21629.jpg,0
21636.jpg,0
21637.jpg,0
21642.jpg,0
21652.jpg,0
21654.jpg,0
21661.jpg,0
21667.jpg,0
21668.jpg,0
21672.jpg,0
21673.jpg,0
21679.jpg,0
21681.jpg,0
21687.jpg,0
21690.jpg,0
21692.jpg,0
21693.jpg,0
21696.jpg,0
21698.jpg,0
21700.jpg,0
21704.jpg,0
21705.jpg,0
21708.jpg,0
21709.jpg,0
21713.jpg,0
21716.jpg,0
21718.jpg,0
21728.jpg,0
21732.jpg,0
21733.jpg,0
21739.jpg,0
21741.jpg,0
21742.jpg,0
21746.jpg,0
21748.jpg,0
21752.jpg,0
21753.jpg,0
21755.jpg,0
21757.jpg,0
21758.jpg,0
21760.jpg,0
21767.jpg,0
21773.jpg,0
21778.jpg,0
21782.jpg,0
21785.jpg,0
21786.jpg,0
21791.jpg,0
21795.jpg,0
21796.jpg,0
21802.jpg,0
21803.jpg,0
21809.jpg,0
21815.jpg,0
21820.jpg,0
21821.jpg,0
21822.jpg,0
21823.jpg,0
21825.jpg,0
21830.jpg,0
21831.jpg,0
21833.jpg,0
21834.jpg,0
21835.jpg,0
21836.jpg,0
21838.jpg,0
21839.jpg,0
21847.jpg,0
21848.jpg,0
21850.jpg,0
21854.jpg,0
21863.jpg,0
21867.jpg,0
21869.jpg,0
21871.jpg,0
21877.jpg,0
21878.jpg,0
21880.jpg,0
21882.jpg,0
21883.jpg,0
21886.jpg,0
21888.jpg,0
21891.jpg,0
21899.jpg,0
21901.jpg,0
21902.jpg,0
21914.jpg,0
21920.jpg,0
21922.jpg,0
21925.jpg,0
21927.jpg,0
21928.jpg,0
21930.jpg,0
21931.jpg,0
21938.jpg,0
21939.jpg,0
21944.jpg,0
21946.jpg,0
21951.jpg,0
21952.jpg,0
21953.jpg,0
21958.jpg,0
21963.jpg,0
21966.jpg,0
21968.jpg,0
21969.jpg,0
21971.jpg,0
21974.jpg,0
21975.jpg,0
21976.jpg,0
21980.jpg,0
21988.jpg,0
21997.jpg,0
21998.jpg,0
22002.jpg,0
22006.jpg,0
22007.jpg,0
22008.jpg,0
22010.jpg,0
22013.jpg,0
22016.jpg,0
22018.jpg,0
22023.jpg,0
22033.jpg,0
22039.jpg,0
22041.jpg,0
22044.jpg,0
22047.jpg,0
22049.jpg,0
22052.jpg,0
22053.jpg,0
22055.jpg,0
22056.jpg,0
22059.jpg,0
22060.jpg,0
22061.jpg,0
22067.jpg,0
22069.jpg,0
22075.jpg,0
22077.jpg,0
22080.jpg,0
22081.jpg,0
22084.jpg,0
22094.jpg,0
22106.jpg,0
22108.jpg,0
22113.jpg,0
22114.jpg,0
22118.jpg,0
22122.jpg,0
22131.jpg,0
22135.jpg,0
22142.jpg,0
22146.jpg,0
22148.jpg,0
22151.jpg,0
22155.jpg,0
22164.jpg,0
22170.jpg,0
22174.jpg,0
22178.jpg,0
22181.jpg,0
22190.jpg,0
22194.jpg,0
22195.jpg,0
22206.jpg,0
22211.jpg,0
22213.jpg,0
22217.jpg,0
22218.jpg,0
22224.jpg,0
22225.jpg,0
22226.jpg,0
22229.jpg,0
22236.jpg,0
22238.jpg,0
22242.jpg,0
22244.jpg,0
22248.jpg,0
22263.jpg,0
22270.jpg,0
22274.jpg,0
22275.jpg,0
22281.jpg,0
22282.jpg,0
22285.jpg,0
22287.jpg,0
22288.jpg,0
22292.jpg,0
22297.jpg,0
22298.jpg,0
22300.jpg,0
22302.jpg,0
22303.jpg,0
22305.jpg,0
22312.jpg,0
22313.jpg,0
22319.jpg,0
22323.jpg,0
22324.jpg,0
22327.jpg,0
22332.jpg,0
22333.jpg,0
22334.jpg,0
22344.jpg,0
22348.jpg,0
22352.jpg,0
22359.jpg,0
22361.jpg,0
22363.jpg,0
22364.jpg,0
22365.jpg,0
22367.jpg,0
22371.jpg,0
22381.jpg,0
22392.jpg,0
22395.jpg,0
22396.jpg,0
22397.jpg,0
22402.jpg,0
22403.jpg,0
22404.jpg,0
22407.jpg,0
22413.jpg,0
22418.jpg,0
22419.jpg,0
22422.jpg,0
22429.jpg,0
22430.jpg,0
22435.jpg,0
22443.jpg,0
22445.jpg,0
22449.jpg,0
22454.jpg,0
22456.jpg,0
22463.jpg,0
22466.jpg,0
22468.jpg,0
22474.jpg,0
22477.jpg,0
22480.jpg,0
22482.jpg,0
22485.jpg,0
22489.jpg,0
22492.jpg,0
22497.jpg,0
22498.jpg,0
22499.jpg,0
22505.jpg,0
22507.jpg,0
22509.jpg,0
22519.jpg,0
22521.jpg,0
22523.jpg,0
22524.jpg,0
22529.jpg,0
22530.jpg,0
22532.jpg,0
22533.jpg,0
22535.jpg,0
22541.jpg,0
22544.jpg,0
22548.jpg,0
22549.jpg,0
22551.jpg,0
22554.jpg,0
22559.jpg,0
22560.jpg,0
22561.jpg,0
22566.jpg,0
22573.jpg,0
22578.jpg,0
22579.jpg,0
22582.jpg,0
22584.jpg,0
22590.jpg,0
22591.jpg,0
22594.jpg,0
22601.jpg,0
22604.jpg,0
22605.jpg,0
22607.jpg,0
22610.jpg,0
22611.jpg,0
22612.jpg,0
22613.jpg,0
22615.jpg,0
22618.jpg,0
22621.jpg,0
22622.jpg,0
22627.jpg,0
22630.jpg,0
22638.jpg,0
22641.jpg,0
22649.jpg,0
22651.jpg,0
22658.jpg,0
22659.jpg,0
22662.jpg,0
22674.jpg,0
22680.jpg,0
22682.jpg,0
22684.jpg,0
22693.jpg,0
22697.jpg,0
22698.jpg,0
22701.jpg,0
22704.jpg,0
22713.jpg,0
22714.jpg,0
22715.jpg,0
22726.jpg,0
22728.jpg,0
22729.jpg,0
22733.jpg,0
22739.jpg,0
22743.jpg,0
22744.jpg,0
22749.jpg,0
22750.jpg,0
22751.jpg,0
22752.jpg,0
22757.jpg,0
22758.jpg,0
22762.jpg,0
22770.jpg,0
22772.jpg,0
22773.jpg,0
22781.jpg,0
22783.jpg,0
22785.jpg,0
22787.jpg,0
22788.jpg,0
22791.jpg,0
22792.jpg,0
22793.jpg,0
22794.jpg,0
22795.jpg,0
22796.jpg,0
22798.jpg,0
22802.jpg,0
22803.jpg,0
22806.jpg,0
22808.jpg,0
22815.jpg,0
22816.jpg,0
22825.jpg,0
22828.jpg,0
22835.jpg,0
22838.jpg,0
22840.jpg,0
22841.jpg,0
22853.jpg,0
22861.jpg,0
22863.jpg,0
22865.jpg,0
22872.jpg,0
22873.jpg,0
22874.jpg,0
22878.jpg,0
22880.jpg,0
22888.jpg,0
22889.jpg,0
22892.jpg,0
22894.jpg,0
22901.jpg,0
22902.jpg,0
22904.jpg,0
22905.jpg,0
22906.jpg,0
22909.jpg,0
22910.jpg,0
22914.jpg,0
22916.jpg,0
22918.jpg,0
22922.jpg,0
22923.jpg,0
22926.jpg,0
22929.jpg,0
22931.jpg,0
22932.jpg,0
22937.jpg,0
22939.jpg,0
22940.jpg,0
22945.jpg,0
22946.jpg,0
22957.jpg,0
22968.jpg,0
22972.jpg,0
22975.jpg,0
22979.jpg,0
22981.jpg,0
22984.jpg,0
22985.jpg,0
22999.jpg,0
23000.jpg,0
23007.jpg,0
23010.jpg,0
23013.jpg,0
23015.jpg,0
23017.jpg,0
23019.jpg,0
23020.jpg,0
23021.jpg,0
23025.jpg,0
23028.jpg,0
23029.jpg,0
23030.jpg,0
23034.jpg,0
23035.jpg,0
23038.jpg,0
23039.jpg,0
23043.jpg,0
23046.jpg,0
23050.jpg,0
23054.jpg,0
23056.jpg,0
23057.jpg,0
23059.jpg,0
23063.jpg,0
23064.jpg,0
23066.jpg,0
23071.jpg,0
23074.jpg,0
23077.jpg,0
23078.jpg,0
23080.jpg,0
23081.jpg,0
23082.jpg,0
23083.jpg,0
23085.jpg,0
23086.jpg,0
23092.jpg,0
23095.jpg,0
23099.jpg,0
23112.jpg,0
23113.jpg,0
23115.jpg,0
23120.jpg,0
23121.jpg,0
23128.jpg,0
23129.jpg,0
23132.jpg,0
23134.jpg,0
23140.jpg,0
23142.jpg,0
23145.jpg,0
23146.jpg,0
23147.jpg,0
23152.jpg,0
23158.jpg,0
23168.jpg,0
23170.jpg,0
23173.jpg,0
23178.jpg,0
23184.jpg,0
23190.jpg,0
23196.jpg,0
23197.jpg,0
23198.jpg,0
23199.jpg,0
23200.jpg,0
23202.jpg,0
23203.jpg,0
23204.jpg,0
23206.jpg,0
23214.jpg,0
23216.jpg,0
23217.jpg,0
23231.jpg,0
23235.jpg,0
23238.jpg,0
23239.jpg,0
23249.jpg,0
23251.jpg,0
23252.jpg,0
23258.jpg,0
23264.jpg,0
23267.jpg,0
23278.jpg,0
23279.jpg,0
23288.jpg,0
23300.jpg,0
23302.jpg,0
23303.jpg,0
23305.jpg,0
23307.jpg,0
23311.jpg,0
23313.jpg,0
23323.jpg,0
23326.jpg,0
23330.jpg,0
23331.jpg,0
23335.jpg,0
23340.jpg,0
23341.jpg,0
23345.jpg,0
23347.jpg,0
23350.jpg,0
23352.jpg,0
23354.jpg,0
23356.jpg,0
23357.jpg,0
23358.jpg,0
23364.jpg,0
23372.jpg,0
23374.jpg,0
23378.jpg,0
23379.jpg,0
23391.jpg,0
23394.jpg,0
23395.jpg,0
23396.jpg,0
23397.jpg,0
23399.jpg,0
23403.jpg,0
23410.jpg,0
23412.jpg,0
23414.jpg,0
23415.jpg,0
23422.jpg,0
23424.jpg,0
23425.jpg,0
23426.jpg,0
23434.jpg,0
23438.jpg,0
23439.jpg,0
23440.jpg,0
23449.jpg,0
23460.jpg,0
23467.jpg,0
23468.jpg,0
23479.jpg,0
23480.jpg,0
23482.jpg,0
23483.jpg,0
23485.jpg,0
23488.jpg,0
23493.jpg,0
23494.jpg,0
23500.jpg,0
23501.jpg,0
23504.jpg,0
23506.jpg,0
23508.jpg,0
23513.jpg,0
23514.jpg,0
23517.jpg,0
23518.jpg,0
23519.jpg,0
23523.jpg,0
23524.jpg,0
23525.jpg,0
23526.jpg,0
23532.jpg,0
23533.jpg,0
23539.jpg,0
23544.jpg,0
23545.jpg,0
23546.jpg,0
23553.jpg,0
23556.jpg,0
23558.jpg,0
23561.jpg,0
23566.jpg,0
23568.jpg,0
23569.jpg,0
23571.jpg,0
23572.jpg,0
23580.jpg,0
23581.jpg,0
23582.jpg,0
23583.jpg,0
23592.jpg,0
23595.jpg,0
23599.jpg,0
23601.jpg,0
23602.jpg,0
23605.jpg,0
23607.jpg,0
23614.jpg,0
23615.jpg,0
23618.jpg,0
23621.jpg,0
23622.jpg,0
23626.jpg,0
23627.jpg,0
23631.jpg,0
23634.jpg,0
23645.jpg,0
23646.jpg,0
23650.jpg,0
23651.jpg,0
23654.jpg,0
23662.jpg,0
23664.jpg,0
23665.jpg,0
23666.jpg,0
23670.jpg,0
23671.jpg,0
23672.jpg,0
23673.jpg,0
23674.jpg,0
23680.jpg,0
23685.jpg,0
23690.jpg,0
23691.jpg,0
23693.jpg,0
23696.jpg,0
23699.jpg,0
23701.jpg,0
23704.jpg,0
23706.jpg,0
23719.jpg,0
23720.jpg,0
23722.jpg,0
23730.jpg,0
23732.jpg,0
23740.jpg,0
23742.jpg,0
23751.jpg,0
23752.jpg,0
23754.jpg,0
23755.jpg,0
23763.jpg,0
23765.jpg,0
23767.jpg,0
23768.jpg,0
23770.jpg,0
23772.jpg,0
23777.jpg,0
23778.jpg,0
23784.jpg,0
23787.jpg,0
23788.jpg,0
23789.jpg,0
23790.jpg,0
23799.jpg,0
23800.jpg,0
23802.jpg,0
23803.jpg,0
23805.jpg,0
23809.jpg,0
23811.jpg,0
23820.jpg,0
23823.jpg,0
23824.jpg,0
23827.jpg,0
23828.jpg,0
23831.jpg,0
23832.jpg,0
23834.jpg,0
23836.jpg,0
23839.jpg,0
23840.jpg,0
23842.jpg,0
23844.jpg,0
23847.jpg,0
23849.jpg,0
23850.jpg,0
23856.jpg,0
23857.jpg,0
23858.jpg,0
23863.jpg,0
23864.jpg,0
23878.jpg,0
23880.jpg,0
23881.jpg,0
23882.jpg,0
23887.jpg,0
23891.jpg,0
23893.jpg,0
23894.jpg,0
23895.jpg,0
23897.jpg,0
23904.jpg,0
23905.jpg,0
23911.jpg,0
23913.jpg,0
23914.jpg,0
23916.jpg,0
23917.jpg,0
23921.jpg,0
23922.jpg,0
23924.jpg,0
23934.jpg,0
23940.jpg,0
23941.jpg,0
23944.jpg,0
23946.jpg,0
23953.jpg,0
23954.jpg,0
23957.jpg,0
23960.jpg,0
23963.jpg,0
23966.jpg,0
23970.jpg,0
23971.jpg,0
23980.jpg,0
23983.jpg,0
23985.jpg,0
23991.jpg,0
23992.jpg,0
23994.jpg,0
23996.jpg,0
23999.jpg,0
24002.jpg,0
24003.jpg,0
24012.jpg,0
24014.jpg,0
24015.jpg,0
24025.jpg,0
24028.jpg,0
24030.jpg,0
24031.jpg,0
24035.jpg,0
24038.jpg,0
24042.jpg,0
24046.jpg,0
24048.jpg,0
24054.jpg,0
24061.jpg,0
24064.jpg,0
24065.jpg,0
24067.jpg,0
24068.jpg,0
24069.jpg,0
24071.jpg,0
24074.jpg,0
24079.jpg,0
24081.jpg,0
24084.jpg,0
24089.jpg,0
24090.jpg,0
24092.jpg,0
24093.jpg,0
24102.jpg,0
24104.jpg,0
24105.jpg,0
24114.jpg,0
24116.jpg,0
24117.jpg,0
24121.jpg,0
24125.jpg,0
24134.jpg,0
24140.jpg,0
24142.jpg,0
24144.jpg,0
24148.jpg,0
24151.jpg,0
24156.jpg,0
24157.jpg,0
24162.jpg,0
24164.jpg,0
24168.jpg,0
24182.jpg,0
24183.jpg,0
24188.jpg,0
24191.jpg,0
24192.jpg,0
24194.jpg,0
24202.jpg,0
24210.jpg,0
24216.jpg,0
24217.jpg,0
24225.jpg,0
24227.jpg,0
24232.jpg,0
24233.jpg,0
24238.jpg,0
24240.jpg,0
24243.jpg,0
24253.jpg,0
24255.jpg,0
24257.jpg,0
24259.jpg,0
24272.jpg,0
24276.jpg,0
24278.jpg,0
24281.jpg,0
24288.jpg,0
24289.jpg,0
24291.jpg,0
24293.jpg,0
24296.jpg,0
24298.jpg,0
24302.jpg,0
24303.jpg,0
24305.jpg,0
24306.jpg,0
24307.jpg,0
24308.jpg,0
24316.jpg,0
24318.jpg,0
24326.jpg,0
24327.jpg,0
24330.jpg,0
24331.jpg,0
24333.jpg,0
